-- MySQL Script generated by MySQL Workbench
-- Τετ 26 Οκτ 2016 12:56:39 μμ EEST
-- Model: New Model    Version: 1.0
-- MySQL Workbench Forward Engineering

SET @OLD_UNIQUE_CHECKS=@@UNIQUE_CHECKS, UNIQUE_CHECKS=0;
SET @OLD_FOREIGN_KEY_CHECKS=@@FOREIGN_KEY_CHECKS, FOREIGN_KEY_CHECKS=0;
SET @OLD_SQL_MODE=@@SQL_MODE, SQL_MODE='TRADITIONAL,ALLOW_INVALID_DATES';

-- -----------------------------------------------------
-- Schema bids4job_db
-- -----------------------------------------------------

-- -----------------------------------------------------
-- Schema bids4job_db
-- -----------------------------------------------------
CREATE SCHEMA IF NOT EXISTS `bids4job_db` DEFAULT CHARACTER SET utf8 ;
-- -----------------------------------------------------
-- Schema bids4job_db
-- -----------------------------------------------------
USE `bids4job_db` ;

-- -----------------------------------------------------
-- Table `simple_user`
-- -----------------------------------------------------
CREATE TABLE IF NOT EXISTS `simple_user` (
  `simple_user_id` INT NOT NULL AUTO_INCREMENT,
  `first_name` VARCHAR(45) NOT NULL,
  `last_name` VARCHAR(45) NOT NULL,
  `location` VARCHAR(45) NOT NULL,
  PRIMARY KEY (`simple_user_id`))
ENGINE = InnoDB;


-- -----------------------------------------------------
-- Table `task`
-- -----------------------------------------------------
CREATE TABLE IF NOT EXISTS `task` (
  `task_id` INT NOT NULL AUTO_INCREMENT,
  `deadline` TIMESTAMP(0) NOT NULL,
  `work_field` VARCHAR(45) NOT NULL,
  `simple_user_id` INT NOT NULL,
  PRIMARY KEY (`task_id`),
  INDEX `fk_task_1_idx` (`simple_user_id` ASC),
  CONSTRAINT `fk_simple_user_to_task_1`
    FOREIGN KEY (`simple_user_id`)
    REFERENCES `simple_user` (`simple_user_id`)
    ON DELETE NO ACTION
    ON UPDATE NO ACTION)
ENGINE = InnoDB;

-- -----------------------------------------------------
-- Table `pro_user`
-- -----------------------------------------------------
CREATE TABLE IF NOT EXISTS `pro_user` (
  `pro_user_id` INT NOT NULL AUTO_INCREMENT,
  `first_name` VARCHAR(45) NOT NULL,
  `last_name` VARCHAR(45) NOT NULL,
  `location` VARCHAR(45) NOT NULL,
  `profession` VARCHAR(45) NOT NULL,
  PRIMARY KEY (`pro_user_id`))
ENGINE = InnoDB;


-- -----------------------------------------------------
-- Table `bid`
-- -----------------------------------------------------
CREATE TABLE IF NOT EXISTS `bid` (
  `bid_id` INT NOT NULL AUTO_INCREMENT,
  `task_id` INT NOT NULL,
  `pro_user_id` INT NOT NULL,
  `amount` INT NOT NULL,
  `bid_time` TIMESTAMP(0) NOT NULL,
  PRIMARY KEY (`bid_id`),
  INDEX `fk_Bid_1_idx` (`pro_user_id` ASC),
  INDEX `fk_Bid_2_idx` (`task_id` ASC),
  CONSTRAINT `fk_pro_user_to_bid_1`
    FOREIGN KEY (`pro_user_id`)
    REFERENCES `pro_user` (`pro_user_id`)
    ON DELETE NO ACTION
    ON UPDATE NO ACTION,
  CONSTRAINT `fk_task_to_bid_1`
    FOREIGN KEY (`task_id`)
    REFERENCES `task` (`task_id`)
    ON DELETE NO ACTION
    ON UPDATE NO ACTION)
ENGINE = InnoDB;


-- -----------------------------------------------------
-- Table `contract`
-- -----------------------------------------------------
CREATE TABLE IF NOT EXISTS `contract` (
  `contract_id` INT NOT NULL AUTO_INCREMENT,
  `bid_id` INT NOT NULL,
  `task_id` INT NOT NULL,
  `contract_time` TIMESTAMP(0) NOT NULL,
  PRIMARY KEY (`contract_id`),
  INDEX `fk_contract_tasks1_idx` (`task_id` ASC),
  CONSTRAINT `fk_bid_to_contract_1`
    FOREIGN KEY (`bid_id`)
    REFERENCES `bid` (`bid_id`)
    ON DELETE NO ACTION
    ON UPDATE NO ACTION,
  CONSTRAINT `fk_task_to_contract_1`
    FOREIGN KEY (`task_id`)
    REFERENCES `task` (`task_id`)
    ON DELETE NO ACTION
    ON UPDATE NO ACTION)
ENGINE = InnoDB;


-- -----------------------------------------------------
-- Fill in table `simple_user`
-- -----------------------------------------------------
INSERT INTO `bids4job_db`.`simple_user` (`simple_user_id`, `first_name`, `last_name`, `location`) VALUES ('1', 'John', 'Kranas', 'Faliro');
INSERT INTO `bids4job_db`.`simple_user` (`simple_user_id`, `first_name`, `last_name`, `location`) VALUES ('2', 'George', 'Bartzis', 'Chalandri');
INSERT INTO `bids4job_db`.`simple_user` (`simple_user_id`, `first_name`, `last_name`, `location`) VALUES ('3', 'Dimitris', 'Theodoropoulos', 'Neo Iraklio');
INSERT INTO `bids4job_db`.`simple_user` (`simple_user_id`, `first_name`, `last_name`, `location`) VALUES ('4', 'George', 'Spyridakis', 'Zografou');
INSERT INTO `bids4job_db`.`simple_user` (`simple_user_id`, `first_name`, `last_name`, `location`) VALUES ('5', 'Petros', 'Petrou', 'Kolonaki');
INSERT INTO `bids4job_db`.`simple_user` (`simple_user_id`, `first_name`, `last_name`, `location`) VALUES ('6', 'Maria', 'Ioannou', 'Faliro');
INSERT INTO `bids4job_db`.`simple_user` (`simple_user_id`, `first_name`, `last_name`, `location`) VALUES ('7', 'Marialena', 'Rossetou', 'Glyfada');
INSERT INTO `bids4job_db`.`simple_user` (`simple_user_id`, `first_name`, `last_name`, `location`) VALUES ('8', 'Dimitris', 'Kranas', 'Glyfada');
INSERT INTO `bids4job_db`.`simple_user` (`simple_user_id`, `first_name`, `last_name`, `location`) VALUES ('9', 'Eleni', 'Mavridou', 'Rafina');
INSERT INTO `bids4job_db`.`simple_user` (`simple_user_id`, `first_name`, `last_name`, `location`) VALUES ('10', 'Xristina', 'Kontou', 'Zografou');
INSERT INTO `bids4job_db`.`simple_user` (`simple_user_id`, `first_name`, `last_name`, `location`) VALUES ('11', 'Spyros', 'Koletsis', 'Faliro');
INSERT INTO `bids4job_db`.`simple_user` (`simple_user_id`, `first_name`, `last_name`, `location`) VALUES ('12', 'Marios', 'Palaiologos', 'Marousi');
INSERT INTO `bids4job_db`.`simple_user` (`simple_user_id`, `first_name`, `last_name`, `location`) VALUES ('13', 'Eleni', 'Palouki', 'Glyfada');
INSERT INTO `bids4job_db`.`simple_user` (`simple_user_id`, `first_name`, `last_name`, `location`) VALUES ('14', 'George', 'Varkas', 'Zografou');
INSERT INTO `bids4job_db`.`simple_user` (`simple_user_id`, `first_name`, `last_name`, `location`) VALUES ('15', 'Theodoris', 'Tzanoudakis', 'Glyfada');
INSERT INTO `bids4job_db`.`simple_user` (`simple_user_id`, `first_name`, `last_name`, `location`) VALUES ('16', 'Rania', 'Karpathi', 'Argyroupoli');
INSERT INTO `bids4job_db`.`simple_user` (`simple_user_id`, `first_name`, `last_name`, `location`) VALUES ('17', 'Katerina', 'Kontou', 'Alimos');
INSERT INTO `bids4job_db`.`simple_user` (`simple_user_id`, `first_name`, `last_name`, `location`) VALUES ('18', 'Sofia', 'Andreou', 'Zografou');
INSERT INTO `bids4job_db`.`simple_user` (`simple_user_id`, `first_name`, `last_name`, `location`) VALUES ('19', 'Maria', 'Chatzi', 'Alimos');
INSERT INTO `bids4job_db`.`simple_user` (`simple_user_id`, `first_name`, `last_name`, `location`) VALUES ('20', 'Alexia', 'Psylaki', 'Kifisia');
INSERT INTO `bids4job_db`.`simple_user` (`simple_user_id`, `first_name`, `last_name`, `location`) VALUES ('21', 'John', 'Alexiou', 'Thessaloniki');
INSERT INTO `bids4job_db`.`simple_user` (`simple_user_id`, `first_name`, `last_name`, `location`) VALUES ('22', 'Marianna', 'Markou', 'Faliro');
INSERT INTO `bids4job_db`.`simple_user` (`simple_user_id`, `first_name`, `last_name`, `location`) VALUES ('23', 'Eleni', 'Papadopoulou', 'Argyroupoli');
INSERT INTO `bids4job_db`.`simple_user` (`simple_user_id`, `first_name`, `last_name`, `location`) VALUES ('24', 'Anna', 'Zeta', 'Kifisia');
INSERT INTO `bids4job_db`.`simple_user` (`simple_user_id`, `first_name`, `last_name`, `location`) VALUES ('25', 'George', 'Kakos', 'Alimos');
INSERT INTO `bids4job_db`.`simple_user` (`simple_user_id`, `first_name`, `last_name`, `location`) VALUES ('26', 'Dimitris', 'Dimitriou', 'Chalandri');

-- -----------------------------------------------------
-- Fill in table `pro_user`
-- -----------------------------------------------------
INSERT INTO `bids4job_db`.`pro_user` (`pro_user_id`, `first_name`, `last_name`, `location`, `profession`) VALUES ('1', 'John', 'Kranas', 'Faliro', 'Developer');
INSERT INTO `bids4job_db`.`pro_user` (`pro_user_id`, `first_name`, `last_name`, `location`, `profession`) VALUES ('2', 'Petros', 'Petrou', 'Alimos', 'Barber');
INSERT INTO `bids4job_db`.`pro_user` (`pro_user_id`, `first_name`, `last_name`, `location`, `profession`) VALUES ('3', 'Dimitris', 'Kranas', 'Glyfada', 'Banker');
INSERT INTO `bids4job_db`.`pro_user` (`pro_user_id`, `first_name`, `last_name`, `location`, `profession`) VALUES ('4', 'Maria', 'Ioannou', 'Faliro', 'Dancer');
INSERT INTO `bids4job_db`.`pro_user` (`pro_user_id`, `first_name`, `last_name`, `location`, `profession`) VALUES ('5', 'Marialena', 'Rossetou', 'Chania', 'Designer');
INSERT INTO `bids4job_db`.`pro_user` (`pro_user_id`, `first_name`, `last_name`, `location`, `profession`) VALUES ('6', 'Apostolis', 'Chatzignatiou', 'Agios Dimitrios', 'Logistics');
INSERT INTO `bids4job_db`.`pro_user` (`pro_user_id`, `first_name`, `last_name`, `location`, `profession`) VALUES ('7', 'Kostas', 'Chatzinathanail', 'Argyroupoli', 'Personal Trainer');
INSERT INTO `bids4job_db`.`pro_user` (`pro_user_id`, `first_name`, `last_name`, `location`, `profession`) VALUES ('8', 'George', 'Chondrogiannis', 'Zografou', 'Barber');
INSERT INTO `bids4job_db`.`pro_user` (`pro_user_id`, `first_name`, `last_name`, `location`, `profession`) VALUES ('9', 'Chris', 'Stefanou', 'Kallithea', 'Developer');
INSERT INTO `bids4job_db`.`pro_user` (`pro_user_id`, `first_name`, `last_name`, `location`, `profession`) VALUES ('10', 'Pavlos', 'Kranas', 'Kentro', 'Developer');
INSERT INTO `bids4job_db`.`pro_user` (`pro_user_id`, `first_name`, `last_name`, `location`, `profession`) VALUES ('11', 'Athanasia', 'Gerontiou', 'Glyfada', 'Barber');
INSERT INTO `bids4job_db`.`pro_user` (`pro_user_id`, `first_name`, `last_name`, `location`, `profession`) VALUES ('12', 'Petros', 'Tsoulis', 'Alimos', 'Designer');
INSERT INTO `bids4job_db`.`pro_user` (`pro_user_id`, `first_name`, `last_name`, `location`, `profession`) VALUES ('13', 'Vasilis', 'Makakis', 'Kentro', 'Engineer');
INSERT INTO `bids4job_db`.`pro_user` (`pro_user_id`, `first_name`, `last_name`, `location`, `profession`) VALUES ('14', 'Achilleas', 'Tasoulis', 'Glyfada', 'Banker');
INSERT INTO `bids4job_db`.`pro_user` (`pro_user_id`, `first_name`, `last_name`, `location`, `profession`) VALUES ('15', 'Tasos', 'Petroulis', 'Zografou', 'Plumber');
INSERT INTO `bids4job_db`.`pro_user` (`pro_user_id`, `first_name`, `last_name`, `location`, `profession`) VALUES ('16', 'Makis', 'Spyridakis', 'Alimos', 'Designer');
INSERT INTO `bids4job_db`.`pro_user` (`pro_user_id`, `first_name`, `last_name`, `location`, `profession`) VALUES ('17', 'Sotiris', 'Petrou', 'Argyroupoli', 'Plumber');
INSERT INTO `bids4job_db`.`pro_user` (`pro_user_id`, `first_name`, `last_name`, `location`, `profession`) VALUES ('18', 'John', 'Tsaousis', 'Exarcheia', 'Developer');
INSERT INTO `bids4job_db`.`pro_user` (`pro_user_id`, `first_name`, `last_name`, `location`, `profession`) VALUES ('19', 'Dimitris', 'Theodoropoulos', 'Neo Iraklio', 'Developer');
INSERT INTO `bids4job_db`.`pro_user` (`pro_user_id`, `first_name`, `last_name`, `location`, `profession`) VALUES ('20', 'George', 'Bartzis', 'Chalandri', 'Developer');
INSERT INTO `bids4job_db`.`pro_user` (`pro_user_id`, `first_name`, `last_name`, `location`, `profession`) VALUES ('21', 'Nick', 'Vrimonis', 'Chalandri', 'Developer');
INSERT INTO `bids4job_db`.`pro_user` (`pro_user_id`, `first_name`, `last_name`, `location`, `profession`) VALUES ('22', 'Olga', 'Maki', 'Exarcheia', 'Personal Trainer');
INSERT INTO `bids4job_db`.`pro_user` (`pro_user_id`, `first_name`, `last_name`, `location`, `profession`) VALUES ('23', 'Fotis', 'Stefanou', 'Faliro', 'Plumber');
INSERT INTO `bids4job_db`.`pro_user` (`pro_user_id`, `first_name`, `last_name`, `location`, `profession`) VALUES ('24', 'Maria', 'Kostala', 'Chalandri', 'Designer');

-- -----------------------------------------------------
-- Fill in table `task`
-- -----------------------------------------------------
INSERT INTO `bids4job_db`.`task` (`task_id`, `deadline`, `work_field`, `simple_user_id`) VALUES ('1', '2016:1:09', 'Barber', '1');
INSERT INTO `bids4job_db`.`task` (`task_id`, `deadline`, `work_field`, `simple_user_id`) VALUES ('2', '2016:1:10', 'Barber', '4');
INSERT INTO `bids4job_db`.`task` (`task_id`, `deadline`, `work_field`, `simple_user_id`) VALUES ('3', '2016:1:12', 'Barber', '6');
INSERT INTO `bids4job_db`.`task` (`task_id`, `deadline`, `work_field`, `simple_user_id`) VALUES ('4', '2016:1:12', 'Barber', '8');
INSERT INTO `bids4job_db`.`task` (`task_id`, `deadline`, `work_field`, `simple_user_id`) VALUES ('5', '2016:1:12', 'Barber', '11');
INSERT INTO `bids4job_db`.`task` (`task_id`, `deadline`, `work_field`, `simple_user_id`) VALUES ('6', '2016:1:13', 'Developer', '1');
INSERT INTO `bids4job_db`.`task` (`task_id`, `deadline`, `work_field`, `simple_user_id`) VALUES ('7', '2016:1:13', 'Developer', '3');
INSERT INTO `bids4job_db`.`task` (`task_id`, `deadline`, `work_field`, `simple_user_id`) VALUES ('8', '2016:1:13', 'Developer', '7');
INSERT INTO `bids4job_db`.`task` (`task_id`, `deadline`, `work_field`, `simple_user_id`) VALUES ('9', '2016:1:13', 'Plumber', '1');
INSERT INTO `bids4job_db`.`task` (`task_id`, `deadline`, `work_field`, `simple_user_id`) VALUES ('10', '2016:1:13', 'Plumber', '1');
INSERT INTO `bids4job_db`.`task` (`task_id`, `deadline`, `work_field`, `simple_user_id`) VALUES ('11', '2016:1:13', 'Designer', '1');
INSERT INTO `bids4job_db`.`task` (`task_id`, `deadline`, `work_field`, `simple_user_id`) VALUES ('12', '2016:2:1', 'Plumber', '20');
INSERT INTO `bids4job_db`.`task` (`task_id`, `deadline`, `work_field`, `simple_user_id`) VALUES ('13', '2016:2:1', 'Designer', '20');
INSERT INTO `bids4job_db`.`task` (`task_id`, `deadline`, `work_field`, `simple_user_id`) VALUES ('14', '2016:2:15', 'Developer', '13');
INSERT INTO `bids4job_db`.`task` (`task_id`, `deadline`, `work_field`, `simple_user_id`) VALUES ('15', '2016:2:27', 'Barber', '19');
INSERT INTO `bids4job_db`.`task` (`task_id`, `deadline`, `work_field`, `simple_user_id`) VALUES ('16', '2016:3:7', 'Developer', '1');
INSERT INTO `bids4job_db`.`task` (`task_id`, `deadline`, `work_field`, `simple_user_id`) VALUES ('17', '2016:3:7', 'Developer', '1');
INSERT INTO `bids4job_db`.`task` (`task_id`, `deadline`, `work_field`, `simple_user_id`) VALUES ('18', '2016:3:30', 'Barber', '11');
INSERT INTO `bids4job_db`.`task` (`task_id`, `deadline`, `work_field`, `simple_user_id`) VALUES ('19', '2016:3:30', 'Developer', '6');
INSERT INTO `bids4job_db`.`task` (`task_id`, `deadline`, `work_field`, `simple_user_id`) VALUES ('20', '2016:4:9', 'Plumber', '6');
INSERT INTO `bids4job_db`.`task` (`task_id`, `deadline`, `work_field`, `simple_user_id`) VALUES ('21', '2016:4:9', 'Barber', '1');
INSERT INTO `bids4job_db`.`task` (`task_id`, `deadline`, `work_field`, `simple_user_id`) VALUES ('22', '2016:4:19', 'Plumber', '1');
INSERT INTO `bids4job_db`.`task` (`task_id`, `deadline`, `work_field`, `simple_user_id`) VALUES ('23', '2016:4:20', 'Developer', '17');
INSERT INTO `bids4job_db`.`task` (`task_id`, `deadline`, `work_field`, `simple_user_id`) VALUES ('24', '2016:4:22', 'Barber', '17');
INSERT INTO `bids4job_db`.`task` (`task_id`, `deadline`, `work_field`, `simple_user_id`) VALUES ('25', '2016:10:9', 'Developer', '17');
INSERT INTO `bids4job_db`.`task` (`task_id`, `deadline`, `work_field`, `simple_user_id`) VALUES ('26', '2016:10:9', 'Developer', '4');
INSERT INTO `bids4job_db`.`task` (`task_id`, `deadline`, `work_field`, `simple_user_id`) VALUES ('27', '2016:10:9', 'Barber', '5');
INSERT INTO `bids4job_db`.`task` (`task_id`, `deadline`, `work_field`, `simple_user_id`) VALUES ('28', '2016:10:9', 'Plumber', '5');
INSERT INTO `bids4job_db`.`task` (`task_id`, `deadline`, `work_field`, `simple_user_id`) VALUES ('29', '2016:10:10', 'Plumber', '7');
INSERT INTO `bids4job_db`.`task` (`task_id`, `deadline`, `work_field`, `simple_user_id`) VALUES ('30', '2016:10:10', 'Barber', '8');
INSERT INTO `bids4job_db`.`task` (`task_id`, `deadline`, `work_field`, `simple_user_id`) VALUES ('31', '2016:10:10', 'Barber', '9');
INSERT INTO `bids4job_db`.`task` (`task_id`, `deadline`, `work_field`, `simple_user_id`) VALUES ('32', '2016:10:10', 'Barber', '18');
INSERT INTO `bids4job_db`.`task` (`task_id`, `deadline`, `work_field`, `simple_user_id`) VALUES ('33', '2016:10:10', 'Plumber', '5');
INSERT INTO `bids4job_db`.`task` (`task_id`, `deadline`, `work_field`, `simple_user_id`) VALUES ('34', '2016:10:10', 'Developer', '5');
INSERT INTO `bids4job_db`.`task` (`task_id`, `deadline`, `work_field`, `simple_user_id`) VALUES ('35', '2016:10:10', 'Barber', '15');
INSERT INTO `bids4job_db`.`task` (`task_id`, `deadline`, `work_field`, `simple_user_id`) VALUES ('36', '2016:10:10', 'Plumber', '15');
INSERT INTO `bids4job_db`.`task` (`task_id`, `deadline`, `work_field`, `simple_user_id`) VALUES ('37', '2016:10:10', 'Barber', '15');
INSERT INTO `bids4job_db`.`task` (`task_id`, `deadline`, `work_field`, `simple_user_id`) VALUES ('38', '2016:10:10', 'Developer', '13');
INSERT INTO `bids4job_db`.`task` (`task_id`, `deadline`, `work_field`, `simple_user_id`) VALUES ('39', '2016:10:10', 'Barber', '11');
INSERT INTO `bids4job_db`.`task` (`task_id`, `deadline`, `work_field`, `simple_user_id`) VALUES ('40', '2016:11:1', 'Designer', '6');
INSERT INTO `bids4job_db`.`task` (`task_id`, `deadline`, `work_field`, `simple_user_id`) VALUES ('41', '2016:11:1', 'Developer', '8');
INSERT INTO `bids4job_db`.`task` (`task_id`, `deadline`, `work_field`, `simple_user_id`) VALUES ('42', '2016:11:1', 'Barber', '4');
INSERT INTO `bids4job_db`.`task` (`task_id`, `deadline`, `work_field`, `simple_user_id`) VALUES ('43', '2016:11:1', 'Barber', '3');
INSERT INTO `bids4job_db`.`task` (`task_id`, `deadline`, `work_field`, `simple_user_id`) VALUES ('44', '2016:11:1', 'Barber', '2');
INSERT INTO `bids4job_db`.`task` (`task_id`, `deadline`, `work_field`, `simple_user_id`) VALUES ('45', '2016:11:2', 'Developer', '2');
INSERT INTO `bids4job_db`.`task` (`task_id`, `deadline`, `work_field`, `simple_user_id`) VALUES ('46', '2016:11:2', 'Developer', '1');
INSERT INTO `bids4job_db`.`task` (`task_id`, `deadline`, `work_field`, `simple_user_id`) VALUES ('47', '2016:11:2', 'Developer', '7');
INSERT INTO `bids4job_db`.`task` (`task_id`, `deadline`, `work_field`, `simple_user_id`) VALUES ('48', '2016:11:2', 'Developer', '9');
INSERT INTO `bids4job_db`.`task` (`task_id`, `deadline`, `work_field`, `simple_user_id`) VALUES ('49', '2016:11:2', 'Developer', '2');
INSERT INTO `bids4job_db`.`task` (`task_id`, `deadline`, `work_field`, `simple_user_id`) VALUES ('50', '2016:11:3', 'Developer', '1');
INSERT INTO `bids4job_db`.`task` (`task_id`, `deadline`, `work_field`, `simple_user_id`) VALUES ('51', '2016:11:3', 'Developer', '1');
INSERT INTO `bids4job_db`.`task` (`task_id`, `deadline`, `work_field`, `simple_user_id`) VALUES ('52', '2016-12-03 00:00:00', 'Barber', '1');
INSERT INTO `bids4job_db`.`task` (`task_id`, `deadline`, `work_field`, `simple_user_id`) VALUES ('53', '2016-12-03 00:00:00', 'Barber', '3');
INSERT INTO `bids4job_db`.`task` (`task_id`, `deadline`, `work_field`, `simple_user_id`) VALUES ('54', '2016-12-03 00:00:00', 'Barber', '5');
INSERT INTO `bids4job_db`.`task` (`task_id`, `deadline`, `work_field`, `simple_user_id`) VALUES ('55', '2016-12-03 00:00:00', 'Engineer', '1');
INSERT INTO `bids4job_db`.`task` (`task_id`, `deadline`, `work_field`, `simple_user_id`) VALUES ('56', '2016-12-03 00:00:00', 'Plumber', '13');
INSERT INTO `bids4job_db`.`task` (`task_id`, `deadline`, `work_field`, `simple_user_id`) VALUES ('57', '2017-1-23 00:00:00', 'Barber', '1');
INSERT INTO `bids4job_db`.`task` (`task_id`, `deadline`, `work_field`, `simple_user_id`) VALUES ('58', '2017-1-23 00:00:00', 'Engineer', '13');
INSERT INTO `bids4job_db`.`task` (`task_id`, `deadline`, `work_field`, `simple_user_id`) VALUES ('59', '2017-1-23 00:00:00', 'Barber', '6');
INSERT INTO `bids4job_db`.`task` (`task_id`, `deadline`, `work_field`, `simple_user_id`) VALUES ('60', '2017-2-7 00:00:00', 'Driver', '5');
INSERT INTO `bids4job_db`.`task` (`task_id`, `deadline`, `work_field`, `simple_user_id`) VALUES ('61', '2017-2-23 00:00:00', 'Driver', '5');
INSERT INTO `bids4job_db`.`task` (`task_id`, `deadline`, `work_field`, `simple_user_id`) VALUES ('62', '2017-1-7 00:00:00', 'Engineer', '8');
INSERT INTO `bids4job_db`.`task` (`task_id`, `deadline`, `work_field`, `simple_user_id`) VALUES ('63', '2017-4-14 00:00:00', 'Barber', '11');
INSERT INTO `bids4job_db`.`task` (`task_id`, `deadline`, `work_field`, `simple_user_id`) VALUES ('64', '2017-4-24 00:00:00', 'Barber', '12');
INSERT INTO `bids4job_db`.`task` (`task_id`, `deadline`, `work_field`, `simple_user_id`) VALUES ('65', '2017-5-5 00:00:00', 'Barber', '15');
INSERT INTO `bids4job_db`.`task` (`task_id`, `deadline`, `work_field`, `simple_user_id`) VALUES ('66', '2017-5-24 00:00:00', 'Plumber', '11');
INSERT INTO `bids4job_db`.`task` (`task_id`, `deadline`, `work_field`, `simple_user_id`) VALUES ('67', '2017-1-4 00:00:00', 'Plumber', '20');
INSERT INTO `bids4job_db`.`task` (`task_id`, `deadline`, `work_field`, `simple_user_id`) VALUES ('68', '2017-1-11 00:00:00', 'Designer', '15');
INSERT INTO `bids4job_db`.`task` (`task_id`, `deadline`, `work_field`, `simple_user_id`) VALUES ('69', '2017-1-1 00:00:00', 'Developer', '1');
INSERT INTO `bids4job_db`.`task` (`task_id`, `deadline`, `work_field`, `simple_user_id`) VALUES ('70', '2017-1-11 00:00:00', 'Plumber', '12');
INSERT INTO `bids4job_db`.`task` (`task_id`, `deadline`, `work_field`, `simple_user_id`) VALUES ('71', '2017-2-2 00:00:00', 'Barber', '1');
INSERT INTO `bids4job_db`.`task` (`task_id`, `deadline`, `work_field`, `simple_user_id`) VALUES ('72', '2017-2-2 00:00:00', 'Barber', '2');
INSERT INTO `bids4job_db`.`task` (`task_id`, `deadline`, `work_field`, `simple_user_id`) VALUES ('73', '2017-1-4 00:00:00', 'Designer', '6');
INSERT INTO `bids4job_db`.`task` (`task_id`, `deadline`, `work_field`, `simple_user_id`) VALUES ('74', '2017-1-4 00:00:00', 'Driver', '5');
INSERT INTO `bids4job_db`.`task` (`task_id`, `deadline`, `work_field`, `simple_user_id`) VALUES ('75', '2017-1-4 00:00:00', 'Driver', '1');
INSERT INTO `bids4job_db`.`task` (`task_id`, `deadline`, `work_field`, `simple_user_id`) VALUES ('76', '2017-1-14 00:00:00', 'Developer', '15');
INSERT INTO `bids4job_db`.`task` (`task_id`, `deadline`, `work_field`, `simple_user_id`) VALUES ('77', '2017-1-23 00:00:00', 'Barber', '8');
INSERT INTO `bids4job_db`.`task` (`task_id`, `deadline`, `work_field`, `simple_user_id`) VALUES ('78', '2017-1-23 00:00:00', 'Plumber', '19');
INSERT INTO `bids4job_db`.`task` (`task_id`, `deadline`, `work_field`, `simple_user_id`) VALUES ('79', '2017-1-12 00:00:00', 'Designer', '1');
INSERT INTO `bids4job_db`.`task` (`task_id`, `deadline`, `work_field`, `simple_user_id`) VALUES ('80', '2017-2-3 00:00:00', 'Developer', '1');

-- -----------------------------------------------------
-- Fill in table `bid`
-- -----------------------------------------------------
INSERT INTO `bids4job_db`.`bid` (`bid_id`, `task_id`, `pro_user_id`, `amount`, `bid_time`) VALUES ('1', '1', '2', '30', '2016-01-01 10:00:00');
INSERT INTO `bids4job_db`.`bid` (`bid_id`, `task_id`, `pro_user_id`, `amount`, `bid_time`) VALUES ('2', '1', '8', '28', '2016-01-05 15:00:00');
INSERT INTO `bids4job_db`.`bid` (`bid_id`, `task_id`, `pro_user_id`, `amount`, `bid_time`) VALUES ('3', '1', '11', '25', '2016-01-05 15:30:00');
INSERT INTO `bids4job_db`.`bid` (`bid_id`, `task_id`, `pro_user_id`, `amount`, `bid_time`) VALUES ('4', '1', '2', '20', '2016-01-08 23:00:00');
INSERT INTO `bids4job_db`.`bid` (`bid_id`, `task_id`, `pro_user_id`, `amount`, `bid_time`) VALUES ('5', '3', '2', '30', '2016-01-5 00:00:00');
INSERT INTO `bids4job_db`.`bid` (`bid_id`, `task_id`, `pro_user_id`, `amount`, `bid_time`) VALUES ('6', '3', '11', '28', '2016-01-5 10:00:00');
INSERT INTO `bids4job_db`.`bid` (`bid_id`, `task_id`, `pro_user_id`, `amount`, `bid_time`) VALUES ('7', '3', '8', '25', '2016-01-6 00:00:00');
INSERT INTO `bids4job_db`.`bid` (`bid_id`, `task_id`, `pro_user_id`, `amount`, `bid_time`) VALUES ('8', '3', '2', '20', '2016-01-6 20:00:00');
INSERT INTO `bids4job_db`.`bid` (`bid_id`, `task_id`, `pro_user_id`, `amount`, `bid_time`) VALUES ('9', '3', '8', '18', '2016-01-6 21:00:00');
INSERT INTO `bids4job_db`.`bid` (`bid_id`, `task_id`, `pro_user_id`, `amount`, `bid_time`) VALUES ('10', '3', '11', '15', '2016-01-6 22:00:00');
INSERT INTO `bids4job_db`.`bid` (`bid_id`, `task_id`, `pro_user_id`, `amount`, `bid_time`) VALUES ('11', '15', '2', '25', '2016-01-27 00:00:00');
INSERT INTO `bids4job_db`.`bid` (`bid_id`, `task_id`, `pro_user_id`, `amount`, `bid_time`) VALUES ('12', '15', '11', '23', '2016-02-7 12:00:00');
INSERT INTO `bids4job_db`.`bid` (`bid_id`, `task_id`, `pro_user_id`, `amount`, `bid_time`) VALUES ('13', '15', '2', '23', '2016-02-7 13:00:00');
INSERT INTO `bids4job_db`.`bid` (`bid_id`, `task_id`, `pro_user_id`, `amount`, `bid_time`) VALUES ('14', '15', '11', '22', '2016-02-7 15:00:00');
INSERT INTO `bids4job_db`.`bid` (`bid_id`, `task_id`, `pro_user_id`, `amount`, `bid_time`) VALUES ('15', '15', '2', '22', '2016-02-20 10:00:00');
INSERT INTO `bids4job_db`.`bid` (`bid_id`, `task_id`, `pro_user_id`, `amount`, `bid_time`) VALUES ('16', '15', '8', '20', '2016-02-20 15:00:00');
INSERT INTO `bids4job_db`.`bid` (`bid_id`, `task_id`, `pro_user_id`, `amount`, `bid_time`) VALUES ('17', '15', '2', '18', '2016-02-20 17:00:00');
INSERT INTO `bids4job_db`.`bid` (`bid_id`, `task_id`, `pro_user_id`, `amount`, `bid_time`) VALUES ('18', '11', '5', '200', '2016-01-3 18:00:00');
INSERT INTO `bids4job_db`.`bid` (`bid_id`, `task_id`, `pro_user_id`, `amount`, `bid_time`) VALUES ('19', '11', '24', '150', '2016-01-3 18:30:00');
INSERT INTO `bids4job_db`.`bid` (`bid_id`, `task_id`, `pro_user_id`, `amount`, `bid_time`) VALUES ('20', '11', '5', '100', '2016-01-3 19:00:00');
INSERT INTO `bids4job_db`.`bid` (`bid_id`, `task_id`, `pro_user_id`, `amount`, `bid_time`) VALUES ('21', '17', '19', '2500', '2016-02-07 20:00:00');
INSERT INTO `bids4job_db`.`bid` (`bid_id`, `task_id`, `pro_user_id`, `amount`, `bid_time`) VALUES ('22', '17', '20', '2400', '2016-02-08 00:00:00');
INSERT INTO `bids4job_db`.`bid` (`bid_id`, `task_id`, `pro_user_id`, `amount`, `bid_time`) VALUES ('23', '17', '21', '2350', '2016-02-08 10:00:00');
INSERT INTO `bids4job_db`.`bid` (`bid_id`, `task_id`, `pro_user_id`, `amount`, `bid_time`) VALUES ('24', '17', '20', '2300', '2016-02-08 11:00:00');
INSERT INTO `bids4job_db`.`bid` (`bid_id`, `task_id`, `pro_user_id`, `amount`, `bid_time`) VALUES ('25', '17', '9', '2200', '2016-02-08 12:00:00');
INSERT INTO `bids4job_db`.`bid` (`bid_id`, `task_id`, `pro_user_id`, `amount`, `bid_time`) VALUES ('26', '17', '10', '2000', '2016-02-08 12:30:00');
INSERT INTO `bids4job_db`.`bid` (`bid_id`, `task_id`, `pro_user_id`, `amount`, `bid_time`) VALUES ('27', '17', '20', '1900', '2016-02-08 12:40:00');
INSERT INTO `bids4job_db`.`bid` (`bid_id`, `task_id`, `pro_user_id`, `amount`, `bid_time`) VALUES ('28', '17', '9', '1800', '2016-02-09 03:00:00');
INSERT INTO `bids4job_db`.`bid` (`bid_id`, `task_id`, `pro_user_id`, `amount`, `bid_time`) VALUES ('29', '17', '21', '1750', '2016-02-09 04:00:00');
INSERT INTO `bids4job_db`.`bid` (`bid_id`, `task_id`, `pro_user_id`, `amount`, `bid_time`) VALUES ('30', '17', '10', '1700', '2016-02-10 05:00:00');
INSERT INTO `bids4job_db`.`bid` (`bid_id`, `task_id`, `pro_user_id`, `amount`, `bid_time`) VALUES ('31', '17', '1', '1500', '2016-02-11 06:00:00');
INSERT INTO `bids4job_db`.`bid` (`bid_id`, `task_id`, `pro_user_id`, `amount`, `bid_time`) VALUES ('32', '73', '12', '1000', '2016-12-24 00:00:00');
INSERT INTO `bids4job_db`.`bid` (`bid_id`, `task_id`, `pro_user_id`, `amount`, `bid_time`) VALUES ('33', '73', '16', '800', '2017-1-2 00:00:00');
INSERT INTO `bids4job_db`.`bid` (`bid_id`, `task_id`, `pro_user_id`, `amount`, `bid_time`) VALUES ('34', '79', '12', '3000', '2017-1-6 06:30:00');
INSERT INTO `bids4job_db`.`bid` (`bid_id`, `task_id`, `pro_user_id`, `amount`, `bid_time`) VALUES ('35', '79', '16', '2950', '2017-1-6 07:00:00');
INSERT INTO `bids4job_db`.`bid` (`bid_id`, `task_id`, `pro_user_id`, `amount`, `bid_time`) VALUES ('36', '79', '12', '2700', '2017-1-7 12:00:00');
INSERT INTO `bids4job_db`.`bid` (`bid_id`, `task_id`, `pro_user_id`, `amount`, `bid_time`) VALUES ('37', '79', '16', '2500', '2017-1-7 13:00:00');
INSERT INTO `bids4job_db`.`bid` (`bid_id`, `task_id`, `pro_user_id`, `amount`, `bid_time`) VALUES ('38', '79', '12', '2450', '2017-1-7 14:00:00');
INSERT INTO `bids4job_db`.`bid` (`bid_id`, `task_id`, `pro_user_id`, `amount`, `bid_time`) VALUES ('39', '79', '16', '2400', '2017-1-7 21:00:00');
INSERT INTO `bids4job_db`.`bid` (`bid_id`, `task_id`, `pro_user_id`, `amount`, `bid_time`) VALUES ('40', '79', '12', '2000', '2017-1-7 22:00:00');
INSERT INTO `bids4job_db`.`bid` (`bid_id`, `task_id`, `pro_user_id`, `amount`, `bid_time`) VALUES ('41', '79', '16', '1900', '2017-1-8 07:00:00');
INSERT INTO `bids4job_db`.`bid` (`bid_id`, `task_id`, `pro_user_id`, `amount`, `bid_time`) VALUES ('42', '76', '19', '500', '2016-12-4 00:00:00');
INSERT INTO `bids4job_db`.`bid` (`bid_id`, `task_id`, `pro_user_id`, `amount`, `bid_time`) VALUES ('43', '76', '20', '490', '2016-12-14 20:00:00');
INSERT INTO `bids4job_db`.`bid` (`bid_id`, `task_id`, `pro_user_id`, `amount`, `bid_time`) VALUES ('44', '76', '19', '480', '2017-1-1 20:00:00');
INSERT INTO `bids4job_db`.`bid` (`bid_id`, `task_id`, `pro_user_id`, `amount`, `bid_time`) VALUES ('45', '76', '1', '470', '2017-1-4 05:00:00');
INSERT INTO `bids4job_db`.`bid` (`bid_id`, `task_id`, `pro_user_id`, `amount`, `bid_time`) VALUES ('46', '77', '11', '30', '2016-11-23 10:00:00');
INSERT INTO `bids4job_db`.`bid` (`bid_id`, `task_id`, `pro_user_id`, `amount`, `bid_time`) VALUES ('47', '77', '2', '28', '2016-12-2 00:40:00');
INSERT INTO `bids4job_db`.`bid` (`bid_id`, `task_id`, `pro_user_id`, `amount`, `bid_time`) VALUES ('48', '77', '8', '25', '2017-1-2 00:00:00');
INSERT INTO `bids4job_db`.`bid` (`bid_id`, `task_id`, `pro_user_id`, `amount`, `bid_time`) VALUES ('49', '77', '2', '24', '2017-1-3 00:00:00');
INSERT INTO `bids4job_db`.`bid` (`bid_id`, `task_id`, `pro_user_id`, `amount`, `bid_time`) VALUES ('50', '77', '8', '23', '2017-1-3 23:00:00');
INSERT INTO `bids4job_db`.`bid` (`bid_id`, `task_id`, `pro_user_id`, `amount`, `bid_time`) VALUES ('51', '77', '11', '20', '2017-1-3 23:30:00');

-- -----------------------------------------------------
-- Fill in table `contract`
-- -----------------------------------------------------
INSERT INTO `bids4job_db`.`contract` (`contract_id`, `bid_id`, `task_id`, `contract_time`) VALUES ('1', '3', '1', '2016-01-05 15:30:00');
INSERT INTO `bids4job_db`.`contract` (`contract_id`, `bid_id`, `task_id`, `contract_time`) VALUES ('2', '10', '3', '2016-01-09 22:00:00');
INSERT INTO `bids4job_db`.`contract` (`contract_id`, `bid_id`, `task_id`, `contract_time`) VALUES ('3', '17', '15', '2016-02-20 17:30:00');
INSERT INTO `bids4job_db`.`contract` (`contract_id`, `bid_id`, `task_id`, `contract_time`) VALUES ('4', '31', '17', '2016-02-11 16:00:00');
INSERT INTO `bids4job_db`.`contract` (`contract_id`, `bid_id`, `task_id`, `contract_time`) VALUES ('5', '33', '73', '2017-01-02 10:00:00');
INSERT INTO `bids4job_db`.`contract` (`contract_id`, `bid_id`, `task_id`, `contract_time`) VALUES ('6', '41', '79', '2017-01-08 08:00:00');
INSERT INTO `bids4job_db`.`contract` (`contract_id`, `bid_id`, `task_id`, `contract_time`) VALUES ('7', '51', '77', '2017-01-03 23:30:00');