-- MySQL Script generated by MySQL Workbench
-- Τετ 26 Οκτ 2016 12:56:39 μμ EEST
-- Model: New Model    Version: 1.0
-- MySQL Workbench Forward Engineering

SET @OLD_UNIQUE_CHECKS=@@UNIQUE_CHECKS, UNIQUE_CHECKS=0;
SET @OLD_FOREIGN_KEY_CHECKS=@@FOREIGN_KEY_CHECKS, FOREIGN_KEY_CHECKS=0;
SET @OLD_SQL_MODE=@@SQL_MODE, SQL_MODE='TRADITIONAL,ALLOW_INVALID_DATES';

-- -----------------------------------------------------
-- Drop old bids4job_db
-- -----------------------------------------------------
DROP DATABASE IF EXISTS `bids4job_db`;
-- -----------------------------------------------------
-- Schema bids4job_db
-- -----------------------------------------------------
CREATE SCHEMA IF NOT EXISTS `bids4job_db` DEFAULT CHARACTER SET utf8 ;
-- -----------------------------------------------------
-- Schema bids4job_db
-- -----------------------------------------------------
USE `bids4job_db` ;

-- -----------------------------------------------------
-- Table `simple_user`
-- -----------------------------------------------------
CREATE TABLE IF NOT EXISTS `simple_user` (
  `simple_user_id` INT NOT NULL AUTO_INCREMENT,
  `first_name` VARCHAR(45) NOT NULL,
  `last_name` VARCHAR(45) NOT NULL,
  `location` VARCHAR(45) NOT NULL,
  `simple_username` VARCHAR(45) NOT NULL,
  `password` VARCHAR(72) NOT NULL,
  `email` VARCHAR(45) NOT NULL,
  `active_account` BOOLEAN NOT NULL,
  `simple_photo` VARCHAR(50),
  PRIMARY KEY (`simple_user_id`))
ENGINE = InnoDB;

-- -----------------------------------------------------
-- Table `task`
-- -----------------------------------------------------
CREATE TABLE IF NOT EXISTS `task` (
  `task_id` INT NOT NULL AUTO_INCREMENT,
  `title` VARCHAR(45) NOT NULL,
  `deadline` TIMESTAMP(0) NOT NULL,
  `work_field` VARCHAR(45) NOT NULL,
  `simple_user_id` INT NOT NULL,
  `description` VARCHAR(1000) NOT NULL,
  `active_task` BOOLEAN NOT NULL,
  PRIMARY KEY (`task_id`),
  INDEX `fk_task_1_idx` (`simple_user_id` ASC),
  CONSTRAINT `fk_simple_user_to_task_1`
    FOREIGN KEY (`simple_user_id`)
    REFERENCES `simple_user` (`simple_user_id`)
    ON DELETE NO ACTION
    ON UPDATE NO ACTION)
ENGINE = InnoDB;

-- -----------------------------------------------------
-- Table `pro_user`
-- -----------------------------------------------------
CREATE TABLE IF NOT EXISTS `pro_user` (
  `pro_user_id` INT NOT NULL AUTO_INCREMENT,
  `first_name` VARCHAR(45) NOT NULL,
  `last_name` VARCHAR(45) NOT NULL,
  `location` VARCHAR(45) NOT NULL,
  `profession` VARCHAR(45) NOT NULL,
  `pro_username` VARCHAR(45) NOT NULL,
  `password` VARCHAR(72) NOT NULL,
  `email` VARCHAR(45) NOT NULL,
  `active_account` BOOLEAN NOT NULL,
  `pro_photo` VARCHAR(50),
  PRIMARY KEY (`pro_user_id`))
ENGINE = InnoDB;

-- -----------------------------------------------------
-- Table `bid`
-- -----------------------------------------------------
CREATE TABLE IF NOT EXISTS `bid` (
  `bid_id` INT NOT NULL AUTO_INCREMENT,
  `task_id` INT NOT NULL,
  `pro_user_id` INT NOT NULL,
  `amount` INT NOT NULL,
  `bid_time` TIMESTAMP(0) NOT NULL,
  PRIMARY KEY (`bid_id`),
  INDEX `fk_Bid_1_idx` (`pro_user_id` ASC),
  INDEX `fk_Bid_2_idx` (`task_id` ASC),
  CONSTRAINT `fk_pro_user_to_bid_1`
    FOREIGN KEY (`pro_user_id`)
    REFERENCES `pro_user` (`pro_user_id`)
    ON DELETE NO ACTION
    ON UPDATE NO ACTION,
  CONSTRAINT `fk_task_to_bid_1`
    FOREIGN KEY (`task_id`)
    REFERENCES `task` (`task_id`)
    ON DELETE NO ACTION
    ON UPDATE NO ACTION)
ENGINE = InnoDB;

-- -----------------------------------------------------
-- Table `contract`
-- -----------------------------------------------------
CREATE TABLE IF NOT EXISTS `contract` (
  `contract_id` INT NOT NULL AUTO_INCREMENT,
  `bid_id` INT NOT NULL,
  `task_id` INT NOT NULL,
  `contract_time` TIMESTAMP(0) NOT NULL,
  `rating` DOUBLE NULL,
  PRIMARY KEY (`contract_id`),
  INDEX `fk_contract_tasks1_idx` (`task_id` ASC),
  CONSTRAINT `fk_bid_to_contract_1`
    FOREIGN KEY (`bid_id`)
    REFERENCES `bid` (`bid_id`)
    ON DELETE NO ACTION
    ON UPDATE NO ACTION,
  CONSTRAINT `fk_task_to_contract_1`
    FOREIGN KEY (`task_id`)
    REFERENCES `task` (`task_id`)
    ON DELETE NO ACTION
    ON UPDATE NO ACTION)
ENGINE = InnoDB;

-- -----------------------------------------------------
-- Fill in table `simple_user`
-- -----------------------------------------------------
INSERT INTO `bids4job_db`.`simple_user` (`simple_user_id`, `first_name`, `last_name`, `location`, `simple_username`, `password`, `email`, `active_account`) VALUES ('1', 'John', 'Kranas', 'Athens South Zone', 'JohnKranas', '$2a$12$.aseewSyWhGMUsdRCwX2Wu1WDILm1MmkALInIfshsf9MGCIPITls.', 'example1@mail.com', TRUE);
INSERT INTO `bids4job_db`.`simple_user` (`simple_user_id`, `first_name`, `last_name`, `location`, `simple_username`, `password`, `email`, `active_account`) VALUES ('2', 'George', 'Bartzis', 'Athens North Zone', 'GjBart', '$2a$12$hIyzEUXG4PtiAyeKKJHXP.2IivVyXV8R6iZpPQsB85psUBVnC8AQK', 'example2@mail.com', TRUE);
INSERT INTO `bids4job_db`.`simple_user` (`simple_user_id`, `first_name`, `last_name`, `location`, `simple_username`, `password`, `email`, `active_account`) VALUES ('3', 'Dimitris', 'Theodoropoulos', 'Athens North Zone', 'Jitheo', '$2a$12$CuiTOqkz/Ryc.2rci2/Xe.0wHFOVfnAJjApOaEvjljjpPJZFKM5.y', 'example3@mail.com', TRUE);
INSERT INTO `bids4job_db`.`simple_user` (`simple_user_id`, `first_name`, `last_name`, `location`, `simple_username`, `password`, `email`, `active_account`) VALUES ('4', 'George', 'Spyridakis', 'Thessaloniki', 'georgesp', '$2a$12$yaYfcdn7JAB5yhv46x5SduSU/MEgmJoE.Z.WwCOLmK3uAefls1zGi', 'example4@mail.com', TRUE);
INSERT INTO `bids4job_db`.`simple_user` (`simple_user_id`, `first_name`, `last_name`, `location`, `simple_username`, `password`, `email`, `active_account`) VALUES ('5', 'Petros', 'Petrou', 'Athens West Zone', 'ppetrou', '$2a$12$/vxCdRLegTOMhGIk/UBf.ebFFpX7Tm.K1aQEfXKttsiUfm7KLoLJi', 'example5@mail.com', TRUE);
INSERT INTO `bids4job_db`.`simple_user` (`simple_user_id`, `first_name`, `last_name`, `location`, `simple_username`, `password`, `email`, `active_account`) VALUES ('6', 'Maria', 'Ioannou', 'Athens South Zone', 'mIoannou', '$2a$12$2RHeDwF7s4KxSngRPYF2H.Z.zuzC7SWTYKJRorYPefgqaaNzXDisy', 'example6@mail.com', TRUE);
INSERT INTO `bids4job_db`.`simple_user` (`simple_user_id`, `first_name`, `last_name`, `location`, `simple_username`, `password`, `email`, `active_account`) VALUES ('7', 'Marialena', 'Rossetou', 'Patra', 'simpleusername7', '$2a$12$J0PKGFahAOfQhZbelP1SG.xf5nX.fGiuQj.YLerp3np7Y47xMWN/.', 'example7@mail.com', TRUE);
INSERT INTO `bids4job_db`.`simple_user` (`simple_user_id`, `first_name`, `last_name`, `location`, `simple_username`, `password`, `email`, `active_account`) VALUES ('8', 'Dimitris', 'Kranas', 'Patra', 'simpleusername8', '$2a$12$pC6r9ixHUfXmZbTml3fnZedsUz1u1SWL2J9vjUGXUSguH5iRTdF9.', 'example8@mail.com', TRUE);
INSERT INTO `bids4job_db`.`simple_user` (`simple_user_id`, `first_name`, `last_name`, `location`, `simple_username`, `password`, `email`, `active_account`) VALUES ('9', 'Eleni', 'Mavridou', 'Athens East Zone', 'eMavridou', '$2a$12$.h3ImBx0mfWmPyQ8G/9YZejM0Lg6CMkhbo0eRWzdx8onKZwvi.6hq', 'example9@mail.com', TRUE);
INSERT INTO `bids4job_db`.`simple_user` (`simple_user_id`, `first_name`, `last_name`, `location`, `simple_username`, `password`, `email`, `active_account`) VALUES ('10', 'Xristina', 'Kontou', 'Thessaloniki', 'XKontou', '$2a$12$E36.pbeEQwCoOmrVDIPmUOqqqzPjd.f5ehz64hs7IUxAivHynxPvm', 'example10@mail.com', TRUE);
INSERT INTO `bids4job_db`.`simple_user` (`simple_user_id`, `first_name`, `last_name`, `location`, `simple_username`, `password`, `email`, `active_account`) VALUES ('11', 'Spyros', 'Koletsis', 'Athens South Zone', 'SpyrosKoletsis', '$2a$12$9rX5qSCBwTv06lOXjIyxtuB/kI5f0XOanghPGX/ty0Hcr4jiyPQ.e', 'example11@mail.com', TRUE);
INSERT INTO `bids4job_db`.`simple_user` (`simple_user_id`, `first_name`, `last_name`, `location`, `simple_username`, `password`, `email`, `active_account`) VALUES ('12', 'Marios', 'Palaiologos', 'Athens East Zone', 'Marios84', '$2a$12$C44.uFaCatbhHyrf3dlBneIH0A/MRn.wG2KJaSprCZvG2sojonhuu', 'example12@mail.com', TRUE);
INSERT INTO `bids4job_db`.`simple_user` (`simple_user_id`, `first_name`, `last_name`, `location`, `simple_username`, `password`, `email`, `active_account`) VALUES ('13', 'Eleni', 'Palouki', 'Patra', 'Elenaki', '$2a$12$pXkiT1W/GvAqVUAph0pfQOOphkgentfLyIO7gUz4yu7OfI7jGYd9u', 'example13@mail.com', TRUE);
INSERT INTO `bids4job_db`.`simple_user` (`simple_user_id`, `first_name`, `last_name`, `location`, `simple_username`, `password`, `email`, `active_account`) VALUES ('14', 'George', 'Varkas', 'Thessaloniki', 'GeorgeVarkas', '$2a$12$iW.QxGydyrWUiFaf1vENlOd96TDD4iqut8tXuM.Do/ysLDv3Q5Z/a', 'example14@mail.com', TRUE);
INSERT INTO `bids4job_db`.`simple_user` (`simple_user_id`, `first_name`, `last_name`, `location`, `simple_username`, `password`, `email`, `active_account`) VALUES ('15', 'Theodoris', 'Tzanoudakis', 'Patra', 'theo', '$2a$12$VyvmbjaQ.YcKgDk/pcTvrufY4jXjQ.vx.xqN5RM6NFREBDe8sOjLq', 'example15@mail.com', TRUE);
INSERT INTO `bids4job_db`.`simple_user` (`simple_user_id`, `first_name`, `last_name`, `location`, `simple_username`, `password`, `email`, `active_account`) VALUES ('16', 'Rania', 'Karpathi', 'Patra', 'raniakarpa8i', '$2a$12$cMaWiUduZaSCaaDrWWWCseoSj/W6EFN6a2BLXhvqc.Kbk.p.eBW6a', 'example16@mail.com', TRUE);
INSERT INTO `bids4job_db`.`simple_user` (`simple_user_id`, `first_name`, `last_name`, `location`, `simple_username`, `password`, `email`, `active_account`) VALUES ('17', 'Katerina', 'Kontou', 'Thessaloniki', 'KaterinaKontou', '$2a$12$AOuXOxDBY8HesR2qC.l3UemeD1IdI4cVKjUJrOkwP7yq.KMBOz3JK', 'example17@mail.com', TRUE);
INSERT INTO `bids4job_db`.`simple_user` (`simple_user_id`, `first_name`, `last_name`, `location`, `simple_username`, `password`, `email`, `active_account`) VALUES ('18', 'Sofia', 'Andreou', 'Thessaloniki', 'SofiaAndreou', '$2a$12$/5krpqLt8b4k3dZOTlHy8uUdfY6.1bFuVsNeti/gIa.E77./XlGs.', 'example18@mail.com', TRUE);
INSERT INTO `bids4job_db`.`simple_user` (`simple_user_id`, `first_name`, `last_name`, `location`, `simple_username`, `password`, `email`, `active_account`) VALUES ('19', 'Maria', 'Chatzi', 'Thessaloniki', 'ChatziMaria', '$2a$12$PWWQQYcMr3soMM9YXb9jNe1U/5cXpZET2U9swdNFUy6r8o0yS.bdm', 'example19@mail.com', TRUE);
INSERT INTO `bids4job_db`.`simple_user` (`simple_user_id`, `first_name`, `last_name`, `location`, `simple_username`, `password`, `email`, `active_account`) VALUES ('20', 'Alexia', 'Psylaki', 'Athens West Zone', 'alexalexw', '$2a$12$UIrPEaJm4APXnXFMU/TIUeuwdTVOwYUTVnncWEl/O70GZiAn9T0XG', 'example20@mail.com', TRUE);
INSERT INTO `bids4job_db`.`simple_user` (`simple_user_id`, `first_name`, `last_name`, `location`, `simple_username`, `password`, `email`, `active_account`) VALUES ('21', 'John', 'Alexiou', 'Thessaloniki', 'AlexiouGiannis', '$2a$12$IJnXsssxLdEx4sHrMEY3K.4aUYVPVpCNYGLt9XvthZO9zBjddzera', 'example21@mail.com', TRUE);
INSERT INTO `bids4job_db`.`simple_user` (`simple_user_id`, `first_name`, `last_name`, `location`, `simple_username`, `password`, `email`, `active_account`) VALUES ('22', 'Marianna', 'Markou', 'Athens South Zone', 'marianna', '$2a$12$Dl51XBhr47bHLDVS.ECmCOieKINR1QJhkOufoAI2c8wZc/3Jzi1gK', 'example22@mail.com', TRUE);
INSERT INTO `bids4job_db`.`simple_user` (`simple_user_id`, `first_name`, `last_name`, `location`, `simple_username`, `password`, `email`, `active_account`) VALUES ('23', 'Eleni', 'Papadopoulou', 'Patra', 'ElenPapa', '$2a$12$570Tm/.ZAMLMUcjh/ouhiOqKdXibFnb5/waTHXbWOgVDk3LWvojki', 'example23@mail.com', TRUE);
INSERT INTO `bids4job_db`.`simple_user` (`simple_user_id`, `first_name`, `last_name`, `location`, `simple_username`, `password`, `email`, `active_account`) VALUES ('24', 'Anna', 'Zeta', 'Athens West Zone', 'AnnaZeta', '$2a$12$HiF4172MuRjTyVbSHT6raO3MIonyk/t6jLS/06XK2nUCfi5ZgpEvy', 'example24@mail.com', TRUE);
INSERT INTO `bids4job_db`.`simple_user` (`simple_user_id`, `first_name`, `last_name`, `location`, `simple_username`, `password`, `email`, `active_account`) VALUES ('25', 'George', 'Kakos', 'Thessaloniki', 'gkakos', '$2a$12$1WClFlTXBDv0dpgQnhE2EeRYvjnSs6jWc36TPNSoWovKcSqBjr79e', 'example25@mail.com', TRUE);
INSERT INTO `bids4job_db`.`simple_user` (`simple_user_id`, `first_name`, `last_name`, `location`, `simple_username`, `password`, `email`, `active_account`) VALUES ('26', 'Dimitris', 'Dimitriou', 'Athens North Zone', 'mitsmits', '$2a$12$OtgB.p0IAp1y0D8M/k.bFO3/RpBCd6WEWQKqJeCxM2Qr47Hh8fZn2', 'example26@mail.com', TRUE);
INSERT INTO `bids4job_db`.`simple_user` (`simple_user_id`, `first_name`, `last_name`, `location`, `simple_username`, `password`, `email`, `active_account`) VALUES ('27', 'Eleanna', 'Papazoglou', 'Patra', 'papazogloumarianna', '$2a$12$rVdf18Ban/m0Pdg6yLx1x.gJ0T/venhBQNJnLUeeoJq2ikW43bT92', 'example27@mail.com', FALSE);
INSERT INTO `bids4job_db`.`simple_user` (`simple_user_id`, `first_name`, `last_name`, `location`, `simple_username`, `password`, `email`, `active_account`) VALUES ('28', 'Anna', 'Zetakou', 'Athens West Zone', 'annaZetakou', '$2a$12$b2LD/kwIOgKdW5DL5kX8S.zSBz0.QIcQ.w49QK.7jri326m3FuA2a', 'example28@mail.com', FALSE);
INSERT INTO `bids4job_db`.`simple_user` (`simple_user_id`, `first_name`, `last_name`, `location`, `simple_username`, `password`, `email`, `active_account`) VALUES ('29', 'George', 'Loukakos', 'Thessaloniki', 'Loukakos', '$2a$12$VyuXQjIJKn.PKyACKH8t9ui6YsFvrRtmmVYEkFmy784v.b9FhlsL.', 'example29@mail.com', FALSE);
INSERT INTO `bids4job_db`.`simple_user` (`simple_user_id`, `first_name`, `last_name`, `location`, `simple_username`, `password`, `email`, `active_account`) VALUES ('30', 'Dimitris', 'Dimitropoulos', 'Athens North Zone', 'dimdim', '$2a$12$zWEayHGICzzfK67S2yMFoeC6IP1kH4dakoy8NGjY7MP286CFb.6Aa', 'example30@mail.com', FALSE);
INSERT INTO `bids4job_db`.`simple_user` (`simple_user_id`, `first_name`, `last_name`, `location`, `simple_username`, `password`, `email`, `active_account`) VALUES ('31', 'Giannis', 'Pantelis', 'Athens South Zone', 'pantelisg', '$2a$12$qo26ioDKysuAil8AX.dpPOv/MlaN.Cztg35LKjEfvJFzmPCxLY8om', 'example31@mail.com', TRUE);
INSERT INTO `bids4job_db`.`simple_user` (`simple_user_id`, `first_name`, `last_name`, `location`, `simple_username`, `password`, `email`, `active_account`) VALUES ('32', 'Giwrgos', 'Papadopoulos', 'Athens East Zone', 'papadopoulos', '$2a$12$UvDr5lTCjrCcqChcORbcSu0l2E4r8oosC0a/lanGKg.DF9OwISX4u', 'example32@mail.com', TRUE);
INSERT INTO `bids4job_db`.`simple_user` (`simple_user_id`, `first_name`, `last_name`, `location`, `simple_username`, `password`, `email`, `active_account`) VALUES ('33', 'Petros', 'Mpozikas', 'Athens West Zone', 'bozik', '$2a$12$2FIBnO8i4u7QyA5Sd4GccuJQ73dG2kYv3ZdAuEqQmtCjQIBbJg/nS', 'example33@mail.com', TRUE);
INSERT INTO `bids4job_db`.`simple_user` (`simple_user_id`, `first_name`, `last_name`, `location`, `simple_username`, `password`, `email`, `active_account`) VALUES ('34', 'Vasilis', 'Ntimeris', 'Patra', 'dimerhs', '$2a$12$7MEVNBmKnvj8ucORGqnohOmK4Fg6SACbS174oT9sNOYsCnR28zsoG', 'example34@mail.com', TRUE);
INSERT INTO `bids4job_db`.`simple_user` (`simple_user_id`, `first_name`, `last_name`, `location`, `simple_username`, `password`, `email`, `active_account`) VALUES ('35', 'Dimitris', 'Sotiriou', 'Thessaloniki', 'swtirhou', '$2a$12$00CoLNf3E70j1k.7j4nsK.LxcKchUInQAhti/MDHr66IjJ8kLZvt6', 'example35@mail.com', TRUE);
INSERT INTO `bids4job_db`.`simple_user` (`simple_user_id`, `first_name`, `last_name`, `location`, `simple_username`, `password`, `email`, `active_account`) VALUES ('36', 'Kostas', 'Xatzinathanail', 'Athens North Zone', 'xatzi', '$2a$12$VHr2ZcIT5a9vMp2Zj9g0WuuA/xTQG0NXpRPk3/F4pcX80ALcNWfWK', 'example36@mail.com', TRUE);
INSERT INTO `bids4job_db`.`simple_user` (`simple_user_id`, `first_name`, `last_name`, `location`, `simple_username`, `password`, `email`, `active_account`) VALUES ('37', 'Eleni', 'Mpista', 'Athens South Zone', 'mbista9', '$2a$12$SQxoSFnVHuigQqJ3mWKTAuG/5e6FqJFoFsPaPg2oNl/2fR0eQgq7y', 'example37@mail.com', TRUE);
INSERT INTO `bids4job_db`.`simple_user` (`simple_user_id`, `first_name`, `last_name`, `location`, `simple_username`, `password`, `email`, `active_account`) VALUES ('38', 'Anna', 'Panagiotarea', 'Athens West Zone', 'annapanagiota', '$2a$12$PoZUeQG6mzQ2xfOLTg5W6eXakm5BDNjbU98mXkxNI/sWSTDzbJhKm', 'example38@mail.com', TRUE);
INSERT INTO `bids4job_db`.`simple_user` (`simple_user_id`, `first_name`, `last_name`, `location`, `simple_username`, `password`, `email`, `active_account`) VALUES ('39', 'Dorothea', 'Panigiraki', 'Athens East Zone', 'doro8ea', '$2a$12$jInn7EFUzGcMo2MYNeISfuAaOk1LgAaGs06yb8MOGDV/H2Shr706a', 'example39@mail.com', TRUE);
INSERT INTO `bids4job_db`.`simple_user` (`simple_user_id`, `first_name`, `last_name`, `location`, `simple_username`, `password`, `email`, `active_account`) VALUES ('40', 'Dimitris', 'Papanikolaou', 'Athens North Zone', 'dimi87', '$2a$12$aY2ZRzT.DIanOyCC7ltgkupduZWY3Ws4tAEYtWq.Pz8Eo6AeKjnau', 'example40@mail.com', TRUE);

-- -----------------------------------------------------
-- Fill in table `pro_user`
-- -----------------------------------------------------
INSERT INTO `bids4job_db`.`pro_user` (`pro_user_id`, `first_name`, `last_name`, `location`, `profession`, `pro_username`, `password`, `email`, `active_account`) VALUES ('1', 'Ioannis', 'Kranas', 'Athens South Zone', 'Developer', 'ikranas', '$2a$12$RWBElgHPk104fQ/pRtFz9.dWeWZSyWxFrJHAK6L2Fafhj4Hp2V8PC', 'example1@mail.com', TRUE);
INSERT INTO `bids4job_db`.`pro_user` (`pro_user_id`, `first_name`, `last_name`, `location`, `profession`, `pro_username`, `password`, `email`, `active_account`) VALUES ('2', 'Petros', 'Petrou', 'Thessaloniki', 'Hair Dresser', 'thebarber', '$2a$12$Yf5N7Jc3W/PfrruFxzMd/ecpPoz7JPpVlU8I7LL7DK.Qm2HoenspC', 'example2@mail.com', TRUE);
INSERT INTO `bids4job_db`.`pro_user` (`pro_user_id`, `first_name`, `last_name`, `location`, `profession`, `pro_username`, `password`, `email`, `active_account`) VALUES ('3', 'Dimitris', 'Kranas', 'Patra', 'Banker', 'topbanker', '$2a$12$9z3vVBeIdQ7y792DFThygOCYCPtCvi.Zp/2HQF11QZEklf2KXvB5y', 'example3@mail.com', TRUE);
INSERT INTO `bids4job_db`.`pro_user` (`pro_user_id`, `first_name`, `last_name`, `location`, `profession`, `pro_username`, `password`, `email`, `active_account`) VALUES ('4', 'Maria', 'Ioannou', 'Athens South Zone', 'Dancer', 'mariaioannou', '$2a$12$h6II7GOpBCoH0SbxXeOEbegswSZIitkt7DvLXwfV7ywxeyq7bYOu.', 'example4@mail.com', TRUE);
INSERT INTO `bids4job_db`.`pro_user` (`pro_user_id`, `first_name`, `last_name`, `location`, `profession`, `pro_username`, `password`, `email`, `active_account`) VALUES ('5', 'Marialena', 'Rossetou', 'Athens Center', 'Designer', 'MaRiel', '$2a$12$i5RWh.HhBX1C/T9vm4Ja.OqgQ40FsGWjCi887LhsZNjmbjrs2FPUK', 'example5@mail.com', TRUE);
INSERT INTO `bids4job_db`.`pro_user` (`pro_user_id`, `first_name`, `last_name`, `location`, `profession`, `pro_username`, `password`, `email`, `active_account`) VALUES ('6', 'Apostolis', 'Chatzignatiou', 'Athens Center', 'Logistics', 'dolores13', '$2a$12$KkA15N7FPMddh815qwo6f.X7zJVxtSaM5EYoTTpbuT0dxQTnTzAi.', 'example6@mail.com', TRUE);
INSERT INTO `bids4job_db`.`pro_user` (`pro_user_id`, `first_name`, `last_name`, `location`, `profession`, `pro_username`, `password`, `email`, `active_account`) VALUES ('7', 'Kostas', 'Chatzinathanail', 'Patra', 'Personal Trainer', 'Kostas83', '$2a$12$ixDbIMDISdOxkBAyKOSIeOyQugdOmkiD38jM8byZR0vpXPwfCX932', 'example7@mail.com', TRUE);
INSERT INTO `bids4job_db`.`pro_user` (`pro_user_id`, `first_name`, `last_name`, `location`, `profession`, `pro_username`, `password`, `email`, `active_account`) VALUES ('8', 'George', 'Chondrogiannis', 'Thessaloniki', 'Hair Dresser', 'Chondrogiannis', '$2a$12$UB/uHrpbR1XBHQc5AqAC9.587M3O/H72r.3ny2L0R13sCHyueATOG', 'example8@mail.com', TRUE);
INSERT INTO `bids4job_db`.`pro_user` (`pro_user_id`, `first_name`, `last_name`, `location`, `profession`, `pro_username`, `password`, `email`, `active_account`) VALUES ('9', 'Chris', 'Stefanou', 'Athens Center', 'Developer', 'ChrisStevens', '$2a$12$/LVIu45Jcp1TXIeXzQUY.OC7wtCM/UQ1BY8CVvEexbbyYnw0i/45O', 'example9@mail.com', TRUE);
INSERT INTO `bids4job_db`.`pro_user` (`pro_user_id`, `first_name`, `last_name`, `location`, `profession`, `pro_username`, `password`, `email`, `active_account`) VALUES ('10', 'Pavlos', 'Kranas', 'Athens Center', 'Developer', 'idezol', '$2a$12$7r1364p6SnVx3x.VwwSjt.5frgaOZrh20viL7Athvs1R/Lm5gSYMi', 'example10@mail.com', TRUE);
INSERT INTO `bids4job_db`.`pro_user` (`pro_user_id`, `first_name`, `last_name`, `location`, `profession`, `pro_username`, `password`, `email`, `active_account`) VALUES ('11', 'Athanasia', 'Gerontiou', 'Patra', 'Hair Dresser', 'athanaGeron', '$2a$12$Yd1/RNxEXER16ewvncqXRe2NYpZKhURotIp9A3J3Gwf/XC.9dhWOe', 'example11@mail.com', TRUE);
INSERT INTO `bids4job_db`.`pro_user` (`pro_user_id`, `first_name`, `last_name`, `location`, `profession`, `pro_username`, `password`, `email`, `active_account`) VALUES ('12', 'Petros', 'Tsoulis', 'Thessaloniki', 'Designer', 'ptsoulis', '$2a$12$U7We23XnPgY9qnlEO7H4hepcT.cvqv.mjG9K.jeMCiCbOxKBYdEze', 'example12@mail.com', TRUE);
INSERT INTO `bids4job_db`.`pro_user` (`pro_user_id`, `first_name`, `last_name`, `location`, `profession`, `pro_username`, `password`, `email`, `active_account`) VALUES ('13', 'Vasilis', 'Makakis', 'Athens Center', 'Electrician', 'electricianExpert', '$2a$12$R/DXiJAq9gadoHTHWAO4HOJJaBpFFc0Tc24eNol9mnuTU4bw6sPv2', 'example13@mail.com', TRUE);
INSERT INTO `bids4job_db`.`pro_user` (`pro_user_id`, `first_name`, `last_name`, `location`, `profession`, `pro_username`, `password`, `email`, `active_account`) VALUES ('14', 'Achilleas', 'Tasoulis', 'Patra', 'Banker', 'atasoulis', '$2a$12$IBF967vsB7151X1kj1P5b.jz51rXuo26u5yQcqsZpJA24KIUf8/RO', 'example14@mail.com', TRUE);
INSERT INTO `bids4job_db`.`pro_user` (`pro_user_id`, `first_name`, `last_name`, `location`, `profession`, `pro_username`, `password`, `email`, `active_account`) VALUES ('15', 'Tasos', 'Petroulis', 'Thessaloniki', 'Plumber', 'tpetroulis', '$2a$12$C1jamZoTygH9uSZVOGg4oOQcuF9bljRlFJ7uQOc7ZThw/R5mAgcIK', 'example15@mail.com', TRUE);
INSERT INTO `bids4job_db`.`pro_user` (`pro_user_id`, `first_name`, `last_name`, `location`, `profession`, `pro_username`, `password`, `email`, `active_account`) VALUES ('16', 'Makis', 'Spyridakis', 'Thessaloniki', 'Designer', 'northDesigner', '$2a$12$zMcr05iiu8PRQpm0I2bWuOPQPFFXbo/cRQpiYOTQ1PhZ5KOWWngCe', 'example16@mail.com', TRUE);
INSERT INTO `bids4job_db`.`pro_user` (`pro_user_id`, `first_name`, `last_name`, `location`, `profession`, `pro_username`, `password`, `email`, `active_account`) VALUES ('17', 'Sotiris', 'Petrou', 'Patra', 'Plumber', 'theTopPlumber', '$2a$12$G1cOX6z8743HLAw00zIlyOKgyPxeQziH6572f72v4TEKBavcNTq8C', 'example17@mail.com', TRUE);
INSERT INTO `bids4job_db`.`pro_user` (`pro_user_id`, `first_name`, `last_name`, `location`, `profession`, `pro_username`, `password`, `email`, `active_account`) VALUES ('18', 'John', 'Tsaousis', 'Athens Center', 'Developer', 'jtsaousis', '$2a$12$CSkai1cYvS1iWJOfO/dF4ecypbp0V1cDceCdIN/IAExz3VCWDPFaW', 'example18@mail.com', TRUE);
INSERT INTO `bids4job_db`.`pro_user` (`pro_user_id`, `first_name`, `last_name`, `location`, `profession`, `pro_username`, `password`, `email`, `active_account`) VALUES ('19', 'Dimitris', 'Theodoropoulos', 'Athens North Zone', 'Developer', 'mitsos.d', '$2a$12$Y5AGQklNdwGazFHLYpg95.o9.GZ2pTH7J6/7nFDDIDUnaTquogZju', 'example19@mail.com', TRUE);
INSERT INTO `bids4job_db`.`pro_user` (`pro_user_id`, `first_name`, `last_name`, `location`, `profession`, `pro_username`, `password`, `email`, `active_account`) VALUES ('20', 'George', 'Bartzis', 'Athens North Zone', 'Developer', 'GJBart', '$2a$12$Vm5v4VioYTY3UczmCS3bVOxNhC/IzQmJ74pC1uG1eNQDey5vcILTK', 'example20@mail.com', TRUE);
INSERT INTO `bids4job_db`.`pro_user` (`pro_user_id`, `first_name`, `last_name`, `location`, `profession`, `pro_username`, `password`, `email`, `active_account`) VALUES ('21', 'Nick', 'Vrimonis', 'Athens North Zone', 'Developer', 'vrimoulakis', '$2a$12$nvmei5Gut4Z/Ar8petn5qeSc8lxSyoIBxbKF5apn8zrqOwLy5ud8y', 'example21@mail.com', TRUE);
INSERT INTO `bids4job_db`.`pro_user` (`pro_user_id`, `first_name`, `last_name`, `location`, `profession`, `pro_username`, `password`, `email`, `active_account`) VALUES ('22', 'Olga', 'Maki', 'Athens Center', 'Personal Trainer', 'Olga7', '$2a$12$WrNVK9JrSFDbxlpcACCk0.tz5uX1UgZNU8kG1Jnr3eiItw0sAT45S', 'example22@mail.com', TRUE);
INSERT INTO `bids4job_db`.`pro_user` (`pro_user_id`, `first_name`, `last_name`, `location`, `profession`, `pro_username`, `password`, `email`, `active_account`) VALUES ('23', 'Fotis', 'Stefanou', 'Athens South Zone', 'Plumber', 'TopPlumber', '$2a$12$vKOWPOPPCNt59WOFmj0uq.hJt0grMW3EohOIVHKbSEqJuskkLGQ.a', 'example23@mail.com', TRUE);
INSERT INTO `bids4job_db`.`pro_user` (`pro_user_id`, `first_name`, `last_name`, `location`, `profession`, `pro_username`, `password`, `email`, `active_account`) VALUES ('24', 'Maria', 'Kostala', 'Athens North Zone', 'Designer', 'mkostala', '$2a$12$GRUja/OKeV3U4WfqmaaYL.qvgDEUrHbqipQzhkjkhOCfE6jLFqfua', 'example24@mail.com', TRUE);
INSERT INTO `bids4job_db`.`pro_user` (`pro_user_id`, `first_name`, `last_name`, `location`, `profession`, `pro_username`, `password`, `email`, `active_account`) VALUES ('25', 'Kostas', 'Bartzis', 'Athens North Zone', 'Developer', 'kbartzis', '$2a$12$3gSF7lb82BtokPCxK5V69eQydpYTNDpUv4LdlIX8qtha2GSvGPKhm', 'example25@mail.com', FALSE);
INSERT INTO `bids4job_db`.`pro_user` (`pro_user_id`, `first_name`, `last_name`, `location`, `profession`, `pro_username`, `password`, `email`, `active_account`) VALUES ('26', 'Nikos', 'Vrimonis', 'Athens North Zone', 'Developer', 'nikovrimoulis', '$2a$12$yd.9UgL8/nmv2CCB5aIr4OAbo/Uun4PeRHdPcwTl65JjjIF1sg0NK', 'example26@mail.com', FALSE);
INSERT INTO `bids4job_db`.`pro_user` (`pro_user_id`, `first_name`, `last_name`, `location`, `profession`, `pro_username`, `password`, `email`, `active_account`) VALUES ('27', 'Athanasia', 'Maki', 'Athens Center', 'Personal Trainer', 'athanMaki', '$2a$12$4H3mRrUiW3f3F3yDV52esO9J0J3nnWdmLh/jFdPVImkXesUEocIVW', 'example27@mail.com', FALSE);
INSERT INTO `bids4job_db`.`pro_user` (`pro_user_id`, `first_name`, `last_name`, `location`, `profession`, `pro_username`, `password`, `email`, `active_account`) VALUES ('28', 'Sotiris', 'Stefanou', 'Athens South Zone', 'Plumber', 'stefanousotiris', '$2a$12$m4ufDzhl9ynQEW5FiIgrhe9ROBwwVuMIHmfDgX8IlgCXZW76PxEjG', 'example28@mail.com', FALSE);
INSERT INTO `bids4job_db`.`pro_user` (`pro_user_id`, `first_name`, `last_name`, `location`, `profession`, `pro_username`, `password`, `email`, `active_account`) VALUES ('29', 'Marianna', 'Kostala', 'Athens North Zone', 'Designer', 'kostalamar', '$2a$12$Fl7dZOEvkWnP2Mi5S61GP.KyQRn75QjmiAYTxhnF2PoooNfTLSZTa', 'example29@mail.com', FALSE);
INSERT INTO `bids4job_db`.`pro_user` (`pro_user_id`, `first_name`, `last_name`, `location`, `profession`, `pro_username`, `password`, `email`, `active_account`) VALUES ('30', 'Orestis', 'Zafeiriou', 'Athens South Zone', 'Electrician', 'zafeiriouorestis', '$2a$12$odeER7hJ37BGQkAT/5jPp.TYgZKuJy53mfj.tTET4jhKqEthofhNy', 'example30@mail.com', TRUE);
INSERT INTO `bids4job_db`.`pro_user` (`pro_user_id`, `first_name`, `last_name`, `location`, `profession`, `pro_username`, `password`, `email`, `active_account`) VALUES ('31', 'Odysseas', 'Zafeiriou', 'Athens Center', 'Teacher', 'oddi', '$2a$12$sJAYE7FpvUPG81uTfj13i.fGdml3.DCMFRwyhP1ZL2lBAUN9GtCXm', 'example31@mail.com', TRUE);
INSERT INTO `bids4job_db`.`pro_user` (`pro_user_id`, `first_name`, `last_name`, `location`, `profession`, `pro_username`, `password`, `email`, `active_account`) VALUES ('32', 'Kwstas', 'Gialamas', 'Athens South Zone', 'Teacher', 'gialamas', '$2a$12$rLaw5zVDGitQgpowNhUNRuypbERqkCOq3iSShVhYgGMbjW/VPRNla', 'example32@mail.com', TRUE);
INSERT INTO `bids4job_db`.`pro_user` (`pro_user_id`, `first_name`, `last_name`, `location`, `profession`, `pro_username`, `password`, `email`, `active_account`) VALUES ('33', 'Alexis', 'Ioannou', 'Thessaloniki', 'Logistics', 'alex4', '$2a$12$GHhxuu0NlJuGuliKel3F5.ZkoDfb0ThF5HYCBUfl9HzNh1borjRnu', 'example33@mail.com', TRUE);
INSERT INTO `bids4job_db`.`pro_user` (`pro_user_id`, `first_name`, `last_name`, `location`, `profession`, `pro_username`, `password`, `email`, `active_account`) VALUES ('34', 'Archontia', 'Nikoli', 'Athens South Zone', 'Dancer', 'arxontia', '$2a$12$nCVdNeXkyeYlIYOOoT6lLe37Ti4KK8aJJcfCVAHrdQrkLVCgAawX6', 'example34@mail.com', TRUE);
INSERT INTO `bids4job_db`.`pro_user` (`pro_user_id`, `first_name`, `last_name`, `location`, `profession`, `pro_username`, `password`, `email`, `active_account`) VALUES ('35', 'Giannis', 'Kordas', 'Athens West Zone', 'Painter', 'korDas', '$2a$12$nEH0ji2YFldDJ4kVBts8dOUozFLRPKRh95heHaQWzBTIg/gwYLxqC', 'example35@mail.com', TRUE);
INSERT INTO `bids4job_db`.`pro_user` (`pro_user_id`, `first_name`, `last_name`, `location`, `profession`, `pro_username`, `password`, `email`, `active_account`) VALUES ('36', 'Giwrgos', 'Xondrogiannis', 'Athens East Zone', 'Painter', 'g.xondroJohn', '$2a$12$S2AcgcHF2AJ8jniVv7HYEupWFUjjddwy5BvpZOR7/UONGuUrqVd/S', 'example36@mail.com', TRUE);
INSERT INTO `bids4job_db`.`pro_user` (`pro_user_id`, `first_name`, `last_name`, `location`, `profession`, `pro_username`, `password`, `email`, `active_account`) VALUES ('37', 'Orestis', 'Koutsoukos', 'Patra', 'Electrician', 'koutsouk', '$2a$12$8pYLg/Y50WwhxlyeA4SZaevvnWq.OWAThSPe.aNNpzwg/tRykdk.G', 'example37@mail.com', TRUE);
INSERT INTO `bids4job_db`.`pro_user` (`pro_user_id`, `first_name`, `last_name`, `location`, `profession`, `pro_username`, `password`, `email`, `active_account`) VALUES ('38', 'Dafni', 'Zagoraki', 'Thessaloniki', 'Dancer', 'dafni', '$2a$12$Z0WJrpUwtMuPf38smzHWR.mj1XZ7svp.o8c9hUfTWKAv.LHfgH1te', 'example38@mail.com', TRUE);
INSERT INTO `bids4job_db`.`pro_user` (`pro_user_id`, `first_name`, `last_name`, `location`, `profession`, `pro_username`, `password`, `email`, `active_account`) VALUES ('39', 'Spyros', 'Pougounas', 'Athens East Zone', 'Logistics', 'ihaRasta', '$2a$12$ZbrkoBIC5TMr6hHv2iMME..hak1dpPNBGMoL5B2ba4QBmOqMkJQPe', 'example39@mail.com', TRUE);
INSERT INTO `bids4job_db`.`pro_user` (`pro_user_id`, `first_name`, `last_name`, `location`, `profession`, `pro_username`, `password`, `email`, `active_account`) VALUES ('40', 'Vasilis', 'Koulopoulos', 'Athens South Zone', 'Banker', 'koulis', '$2a$12$JUVX639R9PED4TONyZLDoefRYkHfNkejleObc5hO89M2jhnw4MYz2', 'example40@mail.com', TRUE);

-- -----------------------------------------------------
-- Fill in table `task`
-- -----------------------------------------------------
INSERT INTO `bids4job_db`.`task` (`task_id`, `title`, `deadline`, `work_field`, `simple_user_id`, `description`, `active_task`) VALUES ('1', 'Hair Colour', '2016:1:09', 'Hair Dresser', '40', 'Description for Task1', FALSE);
INSERT INTO `bids4job_db`.`task` (`task_id`, `title`, `deadline`, `work_field`, `simple_user_id`, `description`, `active_task`) VALUES ('2', 'Hair Colour', '2016:1:10', 'Hair Dresser', '4', 'Description for Task2',  TRUE);
INSERT INTO `bids4job_db`.`task` (`task_id`, `title`, `deadline`, `work_field`, `simple_user_id`, `description`, `active_task`) VALUES ('3', 'Barber Wanted', '2016:1:12', 'Hair Dresser', '35', 'Description for Task3',  FALSE);
INSERT INTO `bids4job_db`.`task` (`task_id`, `title`, `deadline`, `work_field`, `simple_user_id`, `description`, `active_task`) VALUES ('4', 'Barber Wanted', '2016:1:12', 'Hair Dresser', '34', 'Description for Task4',  TRUE);
INSERT INTO `bids4job_db`.`task` (`task_id`, `title`, `deadline`, `work_field`, `simple_user_id`, `description`, `active_task`) VALUES ('5', 'Hair Colour', '2016:1:12', 'Hair Dresser', '11', 'Description for Task5',  TRUE);
INSERT INTO `bids4job_db`.`task` (`task_id`, `title`, `deadline`, `work_field`, `simple_user_id`, `description`, `active_task`) VALUES ('6', 'For Web-app', '2016:1:13', 'Developer', '39', 'Description for Task6',  TRUE);
INSERT INTO `bids4job_db`.`task` (`task_id`, `title`, `deadline`, `work_field`, `simple_user_id`, `description`, `active_task`) VALUES ('7', 'For Web-app', '2016:1:13', 'Developer', '3', 'Description for Task7',  TRUE);
INSERT INTO `bids4job_db`.`task` (`task_id`, `title`, `deadline`, `work_field`, `simple_user_id`, `description`, `active_task`) VALUES ('8', 'For Web-app', '2016:1:13', 'Developer', '7', 'Description for Task8',  TRUE);
INSERT INTO `bids4job_db`.`task` (`task_id`, `title`, `deadline`, `work_field`, `simple_user_id`, `description`, `active_task`) VALUES ('9', 'Plumber Wanted', '2016:1:13', 'Plumber', '38', 'Description for Task9',  TRUE);
INSERT INTO `bids4job_db`.`task` (`task_id`, `title`, `deadline`, `work_field`, `simple_user_id`, `description`, `active_task`) VALUES ('10', 'Plumber Wanted', '2016:1:13', 'Plumber', '37', 'Description for Task10',  TRUE);
INSERT INTO `bids4job_db`.`task` (`task_id`, `title`, `deadline`, `work_field`, `simple_user_id`, `description`, `active_task`) VALUES ('11', 'For Web-app', '2016:1:13', 'Designer', '36', 'Description for Task11',  TRUE);
INSERT INTO `bids4job_db`.`task` (`task_id`, `title`, `deadline`, `work_field`, `simple_user_id`, `description`, `active_task`) VALUES ('12', 'Smart Plumber Wanted', '2016:2:1', 'Plumber', '20', 'Description for Task12',  TRUE);
INSERT INTO `bids4job_db`.`task` (`task_id`, `title`, `deadline`, `work_field`, `simple_user_id`, `description`, `active_task`) VALUES ('13', 'Designer Wanted', '2016:2:1', 'Designer', '20', 'Description for Task13',  TRUE);
INSERT INTO `bids4job_db`.`task` (`task_id`, `title`, `deadline`, `work_field`, `simple_user_id`, `description`, `active_task`) VALUES ('14', 'Back-End', '2016:2:15', 'Developer', '13', 'Description for Task14',  TRUE);
INSERT INTO `bids4job_db`.`task` (`task_id`, `title`, `deadline`, `work_field`, `simple_user_id`, `description`, `active_task`) VALUES ('15', 'Hair Colour', '2016:2:27', 'Hair Dresser', '19', 'Description for Task15',  FALSE);
INSERT INTO `bids4job_db`.`task` (`task_id`, `title`, `deadline`, `work_field`, `simple_user_id`, `description`, `active_task`) VALUES ('16', 'For Web-app', '2016:3:7', 'Developer', '1', 'Description for Task16',  TRUE);
INSERT INTO `bids4job_db`.`task` (`task_id`, `title`, `deadline`, `work_field`, `simple_user_id`, `description`, `active_task`) VALUES ('17', 'For Web-app', '2016:3:7', 'Developer', '35', 'Description for Task17',  FALSE);
INSERT INTO `bids4job_db`.`task` (`task_id`, `title`, `deadline`, `work_field`, `simple_user_id`, `description`, `active_task`) VALUES ('18', 'Barber Wanted', '2016:3:30', 'Hair Dresser', '11', 'Description for Task18',  TRUE);
INSERT INTO `bids4job_db`.`task` (`task_id`, `title`, `deadline`, `work_field`, `simple_user_id`, `description`, `active_task`) VALUES ('19', 'Back-End', '2016:3:30', 'Developer', '33', 'Description for Task19',  TRUE);
INSERT INTO `bids4job_db`.`task` (`task_id`, `title`, `deadline`, `work_field`, `simple_user_id`, `description`, `active_task`) VALUES ('20', 'Plumber Wanted', '2016:4:9', 'Plumber', '6', 'Description for Task20',  TRUE);
INSERT INTO `bids4job_db`.`task` (`task_id`, `title`, `deadline`, `work_field`, `simple_user_id`, `description`, `active_task`) VALUES ('21', 'Hair Colour', '2016:4:9', 'Hair Dresser', '34', 'Description for Task21',  TRUE);
INSERT INTO `bids4job_db`.`task` (`task_id`, `title`, `deadline`, `work_field`, `simple_user_id`, `description`, `active_task`) VALUES ('22', 'Plumber Wanted', '2016:4:19', 'Plumber', '1', 'Description for Task22',  TRUE);
INSERT INTO `bids4job_db`.`task` (`task_id`, `title`, `deadline`, `work_field`, `simple_user_id`, `description`, `active_task`) VALUES ('23', 'Back-End', '2016:4:20', 'Developer', '17', 'Description for Task23',  TRUE);
INSERT INTO `bids4job_db`.`task` (`task_id`, `title`, `deadline`, `work_field`, `simple_user_id`, `description`, `active_task`) VALUES ('24', 'Barber Wanted', '2016:4:22', 'Hair Dresser', '17', 'Description for Task24',  TRUE);
INSERT INTO `bids4job_db`.`task` (`task_id`, `title`, `deadline`, `work_field`, `simple_user_id`, `description`, `active_task`) VALUES ('25', 'Back-End', '2016:10:9', 'Developer', '17', 'Description for Task25',  TRUE);
INSERT INTO `bids4job_db`.`task` (`task_id`, `title`, `deadline`, `work_field`, `simple_user_id`, `description`, `active_task`) VALUES ('26', 'Back-End', '2016:10:9', 'Developer', '4', 'Description for Task26',  TRUE);
INSERT INTO `bids4job_db`.`task` (`task_id`, `title`, `deadline`, `work_field`, `simple_user_id`, `description`, `active_task`) VALUES ('27', 'Barber Wanted', '2016:10:9', 'Hair Dresser', '5', 'Description for Task127',  TRUE);
INSERT INTO `bids4job_db`.`task` (`task_id`, `title`, `deadline`, `work_field`, `simple_user_id`, `description`, `active_task`) VALUES ('28', 'Plumber Wanted', '2016:10:9', 'Plumber', '5', 'Description for Task28',  TRUE);
INSERT INTO `bids4job_db`.`task` (`task_id`, `title`, `deadline`, `work_field`, `simple_user_id`, `description`, `active_task`) VALUES ('29', 'Plumber Wanted', '2016:10:10', 'Plumber', '7', 'Description for Task29',  TRUE);
INSERT INTO `bids4job_db`.`task` (`task_id`, `title`, `deadline`, `work_field`, `simple_user_id`, `description`, `active_task`) VALUES ('30', 'Barber Wanted', '2016:10:10', 'Hair Dresser', '32', 'Description for Task30',  TRUE);
INSERT INTO `bids4job_db`.`task` (`task_id`, `title`, `deadline`, `work_field`, `simple_user_id`, `description`, `active_task`) VALUES ('31', 'Colour my hair', '2016:10:10', 'Hair Dresser', '9', 'Description for Task31',  TRUE);
INSERT INTO `bids4job_db`.`task` (`task_id`, `title`, `deadline`, `work_field`, `simple_user_id`, `description`, `active_task`) VALUES ('32', 'Hair Colour', '2016:10:10', 'Hair Dresser', '18', 'Description for Task32',  TRUE);
INSERT INTO `bids4job_db`.`task` (`task_id`, `title`, `deadline`, `work_field`, `simple_user_id`, `description`, `active_task`) VALUES ('33', 'Plumber Wanted', '2016:10:10', 'Plumber', '5', 'Description for Task33',  TRUE);
INSERT INTO `bids4job_db`.`task` (`task_id`, `title`, `deadline`, `work_field`, `simple_user_id`, `description`, `active_task`) VALUES ('34', 'Back-End', '2016:10:10', 'Developer', '31', 'Description for Task34',  TRUE);
INSERT INTO `bids4job_db`.`task` (`task_id`, `title`, `deadline`, `work_field`, `simple_user_id`, `description`, `active_task`) VALUES ('35', 'Barber Wanted', '2016:10:10', 'Hair Dresser', '15', 'Description for Task35',  TRUE);
INSERT INTO `bids4job_db`.`task` (`task_id`, `title`, `deadline`, `work_field`, `simple_user_id`, `description`, `active_task`) VALUES ('36', 'Plumber Wanted', '2016:10:10', 'Plumber', '15', 'Description for Task36',  TRUE);
INSERT INTO `bids4job_db`.`task` (`task_id`, `title`, `deadline`, `work_field`, `simple_user_id`, `description`, `active_task`) VALUES ('37', 'Barber Wanted', '2016:10:10', 'Hair Dresser', '15', 'Description for Task37',  TRUE);
INSERT INTO `bids4job_db`.`task` (`task_id`, `title`, `deadline`, `work_field`, `simple_user_id`, `description`, `active_task`) VALUES ('38', 'Back-End', '2016:10:10', 'Developer', '13', 'Description for Task38',  TRUE);
INSERT INTO `bids4job_db`.`task` (`task_id`, `title`, `deadline`, `work_field`, `simple_user_id`, `description`, `active_task`) VALUES ('39', 'Barber Wanted', '2016:10:10', 'Hair Dresser', '11', 'Description for Task39',  TRUE);
INSERT INTO `bids4job_db`.`task` (`task_id`, `title`, `deadline`, `work_field`, `simple_user_id`, `description`, `active_task`) VALUES ('40', 'Designer Wanted', '2016:11:1', 'Designer', '6', 'Description for Task40',  TRUE);
INSERT INTO `bids4job_db`.`task` (`task_id`, `title`, `deadline`, `work_field`, `simple_user_id`, `description`, `active_task`) VALUES ('41', 'Back-End', '2016:11:1', 'Developer', '40', 'Description for Task41',  TRUE);
INSERT INTO `bids4job_db`.`task` (`task_id`, `title`, `deadline`, `work_field`, `simple_user_id`, `description`, `active_task`) VALUES ('42', 'Barber Wanted', '2016:11:1', 'Hair Dresser', '4', 'Description for Task42',  TRUE);
INSERT INTO `bids4job_db`.`task` (`task_id`, `title`, `deadline`, `work_field`, `simple_user_id`, `description`, `active_task`) VALUES ('43', 'Hair Colour', '2016:11:1', 'Hair Dresser', '3', 'Description for Task43',  TRUE);
INSERT INTO `bids4job_db`.`task` (`task_id`, `title`, `deadline`, `work_field`, `simple_user_id`, `description`, `active_task`) VALUES ('44', 'Barber Wanted', '2016:11:1', 'Hair Dresser', '39', 'Description for Task44',  TRUE);
INSERT INTO `bids4job_db`.`task` (`task_id`, `title`, `deadline`, `work_field`, `simple_user_id`, `description`, `active_task`) VALUES ('45', 'For Web-app', '2016:11:2', 'Developer', '38', 'Description for Task45',  TRUE);
INSERT INTO `bids4job_db`.`task` (`task_id`, `title`, `deadline`, `work_field`, `simple_user_id`, `description`, `active_task`) VALUES ('46', 'Data-Base Expert', '2016:11:2', 'Developer', '33', 'Description for Task46',  TRUE);
INSERT INTO `bids4job_db`.`task` (`task_id`, `title`, `deadline`, `work_field`, `simple_user_id`, `description`, `active_task`) VALUES ('47', 'For Web-app', '2016:11:2', 'Developer', '7', 'Description for Task47',  TRUE);
INSERT INTO `bids4job_db`.`task` (`task_id`, `title`, `deadline`, `work_field`, `simple_user_id`, `description`, `active_task`) VALUES ('48', 'For Web-app', '2016:11:2', 'Developer', '9', 'Description for Task48',  TRUE);
INSERT INTO `bids4job_db`.`task` (`task_id`, `title`, `deadline`, `work_field`, `simple_user_id`, `description`, `active_task`) VALUES ('49', 'Data-Base Expert', '2016:11:2', 'Developer', '2', 'Description for Task49',  TRUE);
INSERT INTO `bids4job_db`.`task` (`task_id`, `title`, `deadline`, `work_field`, `simple_user_id`, `description`, `active_task`) VALUES ('50', 'Data-Base Expert', '2016:11:3', 'Developer', '32', 'Description for Task50',  TRUE);
INSERT INTO `bids4job_db`.`task` (`task_id`, `title`, `deadline`, `work_field`, `simple_user_id`, `description`, `active_task`) VALUES ('51', 'For Web-app', '2016:11:3', 'Developer', '31', 'Description for Task51',  TRUE);
INSERT INTO `bids4job_db`.`task` (`task_id`, `title`, `deadline`, `work_field`, `simple_user_id`, `description`, `active_task`) VALUES ('52', 'Barber Wanted', '2016-12-03 00:00:00', 'Hair Dresser', '30', 'Description for Task52',  TRUE);
INSERT INTO `bids4job_db`.`task` (`task_id`, `title`, `deadline`, `work_field`, `simple_user_id`, `description`, `active_task`) VALUES ('53', 'Hair Colour', '2016-12-03 00:00:00', 'Hair Dresser', '3', 'Description for Task53',  TRUE);
INSERT INTO `bids4job_db`.`task` (`task_id`, `title`, `deadline`, `work_field`, `simple_user_id`, `description`, `active_task`) VALUES ('54', 'Barber Wanted', '2016-12-03 00:00:00', 'Hair Dresser', '5', 'Description for Task54',  TRUE);
INSERT INTO `bids4job_db`.`task` (`task_id`, `title`, `deadline`, `work_field`, `simple_user_id`, `description`, `active_task`) VALUES ('55', 'Electrician Wanted', '2016-12-03 00:00:00', 'Electrician', '1', 'Description for Task55',  TRUE);
INSERT INTO `bids4job_db`.`task` (`task_id`, `title`, `deadline`, `work_field`, `simple_user_id`, `description`, `active_task`) VALUES ('56', 'Plumber Wanted', '2016-12-03 00:00:00', 'Plumber', '13', 'Description for Task56',  TRUE);
INSERT INTO `bids4job_db`.`task` (`task_id`, `title`, `deadline`, `work_field`, `simple_user_id`, `description`, `active_task`) VALUES ('57', 'Barber Wanted', '2017-1-23 00:00:00', 'Hair Dresser', '29', 'Description for Task57',  TRUE);
INSERT INTO `bids4job_db`.`task` (`task_id`, `title`, `deadline`, `work_field`, `simple_user_id`, `description`, `active_task`) VALUES ('58', 'Electrician Wanted', '2017-1-23 00:00:00', 'Electrician', '13', 'Description for Task58',  TRUE);
INSERT INTO `bids4job_db`.`task` (`task_id`, `title`, `deadline`, `work_field`, `simple_user_id`, `description`, `active_task`) VALUES ('59', 'Hair Colour', '2017-1-23 00:00:00', 'Hair Dresser', '6', 'Description for Task59',  TRUE);
INSERT INTO `bids4job_db`.`task` (`task_id`, `title`, `deadline`, `work_field`, `simple_user_id`, `description`, `active_task`) VALUES ('60', 'Painter Wanted', '2017-2-7 00:00:00', 'Painter', '5', 'Description for Task60',  TRUE);
INSERT INTO `bids4job_db`.`task` (`task_id`, `title`, `deadline`, `work_field`, `simple_user_id`, `description`, `active_task`) VALUES ('61', 'Painter Wanted', '2017-2-23 00:00:00', 'Painter', '5', 'Description for Task61',  TRUE);
INSERT INTO `bids4job_db`.`task` (`task_id`, `title`, `deadline`, `work_field`, `simple_user_id`, `description`, `active_task`) VALUES ('62', 'Electrician Wanted', '2017-1-7 00:00:00', 'Electrician', '8', 'Description for Task62',  TRUE);
INSERT INTO `bids4job_db`.`task` (`task_id`, `title`, `deadline`, `work_field`, `simple_user_id`, `description`, `active_task`) VALUES ('63', 'New Haircut', '2017-4-14 00:00:00', 'Hair Dresser', '11', 'Description for Task63',  TRUE);
INSERT INTO `bids4job_db`.`task` (`task_id`, `title`, `deadline`, `work_field`, `simple_user_id`, `description`, `active_task`) VALUES ('64', 'New Haircut', '2017-4-24 00:00:00', 'Hair Dresser', '12', 'Description for Task64',  TRUE);
INSERT INTO `bids4job_db`.`task` (`task_id`, `title`, `deadline`, `work_field`, `simple_user_id`, `description`, `active_task`) VALUES ('65', 'Hair Colour', '2017-5-5 00:00:00', 'Hair Dresser', '15', 'Description for Task65',  TRUE);
INSERT INTO `bids4job_db`.`task` (`task_id`, `title`, `deadline`, `work_field`, `simple_user_id`, `description`, `active_task`) VALUES ('66', 'Plumber Wanted', '2017-5-24 00:00:00', 'Plumber', '11', 'Description for Task66',  TRUE);
INSERT INTO `bids4job_db`.`task` (`task_id`, `title`, `deadline`, `work_field`, `simple_user_id`, `description`, `active_task`) VALUES ('67', 'Plumber Wanted', '2017-1-4 00:00:00', 'Plumber', '20', 'Description for Task67',  TRUE);
INSERT INTO `bids4job_db`.`task` (`task_id`, `title`, `deadline`, `work_field`, `simple_user_id`, `description`, `active_task`) VALUES ('68', 'Designer Wanted', '2017-1-11 00:00:00', 'Designer', '15', 'Description for Task68',  TRUE);
INSERT INTO `bids4job_db`.`task` (`task_id`, `title`, `deadline`, `work_field`, `simple_user_id`, `description`, `active_task`) VALUES ('69', 'For Web-app', '2017-1-1 00:00:00', 'Developer', '28', 'Description for Task69',  TRUE);
INSERT INTO `bids4job_db`.`task` (`task_id`, `title`, `deadline`, `work_field`, `simple_user_id`, `description`, `active_task`) VALUES ('70', 'Plumber Wanted', '2017-1-11 00:00:00', 'Plumber', '12', 'Description for Task70',  TRUE);
INSERT INTO `bids4job_db`.`task` (`task_id`, `title`, `deadline`, `work_field`, `simple_user_id`, `description`, `active_task`) VALUES ('71', 'Hair Colour', '2017-2-2 00:00:00', 'Hair Dresser', '27', 'Description for Task71',  TRUE);
INSERT INTO `bids4job_db`.`task` (`task_id`, `title`, `deadline`, `work_field`, `simple_user_id`, `description`, `active_task`) VALUES ('72', 'Barber Wanted', '2017-2-2 00:00:00', 'Hair Dresser', '2', 'Description for Task72',  TRUE);
INSERT INTO `bids4job_db`.`task` (`task_id`, `title`, `deadline`, `work_field`, `simple_user_id`, `description`, `active_task`) VALUES ('73', 'Designer Wanted', '2017-1-4 00:00:00', 'Designer', '6', 'Description for Task73',  FALSE);
INSERT INTO `bids4job_db`.`task` (`task_id`, `title`, `deadline`, `work_field`, `simple_user_id`, `description`, `active_task`) VALUES ('74', 'Painter Wanted', '2017-1-4 00:00:00', 'Painter', '5', 'Description for Task74',  TRUE);
INSERT INTO `bids4job_db`.`task` (`task_id`, `title`, `deadline`, `work_field`, `simple_user_id`, `description`, `active_task`) VALUES ('75', 'Painter Wanted', '2017-1-4 00:00:00', 'Painter', '26', 'Description for Task75',  TRUE);
INSERT INTO `bids4job_db`.`task` (`task_id`, `title`, `deadline`, `work_field`, `simple_user_id`, `description`, `active_task`) VALUES ('76', 'Data-Base Expert', '2017-1-14 00:00:00', 'Developer', '15', 'Description for Task76',  TRUE);
INSERT INTO `bids4job_db`.`task` (`task_id`, `title`, `deadline`, `work_field`, `simple_user_id`, `description`, `active_task`) VALUES ('77', 'Barber Wanted', '2017-1-23 00:00:00', 'Hair Dresser', '8', 'Description for Task77',  FALSE);
INSERT INTO `bids4job_db`.`task` (`task_id`, `title`, `deadline`, `work_field`, `simple_user_id`, `description`, `active_task`) VALUES ('78', 'Plumber Needed', '2017-1-23 00:00:00', 'Plumber', '19', 'Description for Task78',  TRUE);
INSERT INTO `bids4job_db`.`task` (`task_id`, `title`, `deadline`, `work_field`, `simple_user_id`, `description`, `active_task`) VALUES ('79', 'Designer Wanted', '2017-1-12 00:00:00', 'Designer', '1', 'Description for Task79',  FALSE);
INSERT INTO `bids4job_db`.`task` (`task_id`, `title`, `deadline`, `work_field`, `simple_user_id`, `description`, `active_task`) VALUES ('80', 'Data-Base Expert', '2017-2-3 00:00:00', 'Developer', '25', 'Description for Task80',  TRUE);
INSERT INTO `bids4job_db`.`task` (`task_id`, `title`, `deadline`, `work_field`, `simple_user_id`, `description`, `active_task`) VALUES ('81', 'Data-Base Expert', '2017-1-14 00:00:00', 'Developer', '15', 'Description for Task81',  FALSE);
INSERT INTO `bids4job_db`.`task` (`task_id`, `title`, `deadline`, `work_field`, `simple_user_id`, `description`, `active_task`) VALUES ('82', 'Barber Wanted', '2017-1-23 00:00:00', 'Hair Dresser', '8', 'Description for Task82',  FALSE);
INSERT INTO `bids4job_db`.`task` (`task_id`, `title`, `deadline`, `work_field`, `simple_user_id`, `description`, `active_task`) VALUES ('83', 'Plumber please', '2017-1-23 00:00:00', 'Plumber', '19', 'Description for Task83',  FALSE);
INSERT INTO `bids4job_db`.`task` (`task_id`, `title`, `deadline`, `work_field`, `simple_user_id`, `description`, `active_task`) VALUES ('84', 'Designer Wanted', '2017-1-12 00:00:00', 'Designer', '24', 'Description for Task84',  FALSE);
INSERT INTO `bids4job_db`.`task` (`task_id`, `title`, `deadline`, `work_field`, `simple_user_id`, `description`, `active_task`) VALUES ('85', 'Data-Base Expert', '2017-2-3 00:00:00', 'Developer', '23', 'Description for Task85',  FALSE);
INSERT INTO `bids4job_db`.`task` (`task_id`, `title`, `deadline`, `work_field`, `simple_user_id`, `description`, `active_task`) VALUES ('86', 'Dancer Needed', '2017-2-3 00:00:00', 'Dancer', '2', 'Description for Task86',  TRUE);
INSERT INTO `bids4job_db`.`task` (`task_id`, `title`, `deadline`, `work_field`, `simple_user_id`, `description`, `active_task`) VALUES ('87', 'Dancer for Night-club', '2017-2-3 00:00:00', 'Dancer', '3', 'Description for Task87',  TRUE);
INSERT INTO `bids4job_db`.`task` (`task_id`, `title`, `deadline`, `work_field`, `simple_user_id`, `description`, `active_task`) VALUES ('88', 'Dancer for Bachelor', '2017-2-3 00:00:00', 'Dancer', '4', 'Description for Task88',  TRUE);
INSERT INTO `bids4job_db`.`task` (`task_id`, `title`, `deadline`, `work_field`, `simple_user_id`, `description`, `active_task`) VALUES ('89', 'Dancer Teacher Wanted', '2017-2-3 00:00:00', 'Dancer', '5', 'Description for Task89',  TRUE);
INSERT INTO `bids4job_db`.`task` (`task_id`, `title`, `deadline`, `work_field`, `simple_user_id`, `description`, `active_task`) VALUES ('90', 'Dancer Needed', '2017-2-3 00:00:00', 'Dancer', '6', 'Description for Task90',  TRUE);
INSERT INTO `bids4job_db`.`task` (`task_id`, `title`, `deadline`, `work_field`, `simple_user_id`, `description`, `active_task`) VALUES ('91', 'Open new account', '2017-2-3 00:00:00', 'Banker', '7', 'Description for Task91',  TRUE);
INSERT INTO `bids4job_db`.`task` (`task_id`, `title`, `deadline`, `work_field`, `simple_user_id`, `description`, `active_task`) VALUES ('92', 'Open new account', '2017-2-3 00:00:00', 'Banker', '8', 'Description for Task92',  TRUE);
INSERT INTO `bids4job_db`.`task` (`task_id`, `title`, `deadline`, `work_field`, `simple_user_id`, `description`, `active_task`) VALUES ('93', 'Open new account', '2017-2-3 00:00:00', 'Banker', '9', 'Description for Task93',  TRUE);
INSERT INTO `bids4job_db`.`task` (`task_id`, `title`, `deadline`, `work_field`, `simple_user_id`, `description`, `active_task`) VALUES ('94', 'New Loan', '2017-2-3 00:00:00', 'Banker', '10', 'Description for Task94',  TRUE);
INSERT INTO `bids4job_db`.`task` (`task_id`, `title`, `deadline`, `work_field`, `simple_user_id`, `description`, `active_task`) VALUES ('95', 'New Loan', '2017-2-3 00:00:00', 'Banker', '11', 'Description for Task95',  TRUE);
INSERT INTO `bids4job_db`.`task` (`task_id`, `title`, `deadline`, `work_field`, `simple_user_id`, `description`, `active_task`) VALUES ('96', 'Logistic Needed', '2017-2-3 00:00:00', 'Logistics', '12', 'Description for Task96',  TRUE);
INSERT INTO `bids4job_db`.`task` (`task_id`, `title`, `deadline`, `work_field`, `simple_user_id`, `description`, `active_task`) VALUES ('97', 'Logistic Needed', '2017-2-3 00:00:00', 'Logistics', '13', 'Description for Task97',  TRUE);
INSERT INTO `bids4job_db`.`task` (`task_id`, `title`, `deadline`, `work_field`, `simple_user_id`, `description`, `active_task`) VALUES ('98', 'Logistic Needed', '2017-2-3 00:00:00', 'Logistics', '14', 'Description for Task98',  TRUE);
INSERT INTO `bids4job_db`.`task` (`task_id`, `title`, `deadline`, `work_field`, `simple_user_id`, `description`, `active_task`) VALUES ('99', 'Logistic Needed', '2017-2-3 00:00:00', 'Logistics', '15', 'Description for Task99',  TRUE);
INSERT INTO `bids4job_db`.`task` (`task_id`, `title`, `deadline`, `work_field`, `simple_user_id`, `description`, `active_task`) VALUES ('100', 'Logistic Needed', '2017-2-3 00:00:00', 'Logistics', '16', 'Description for Task100',  TRUE);
INSERT INTO `bids4job_db`.`task` (`task_id`, `title`, `deadline`, `work_field`, `simple_user_id`, `description`, `active_task`) VALUES ('101', 'Personal Trainer Needed', '2017-2-3 00:00:00', 'Personal Trainer', '17', 'Description for Task101',  TRUE);
INSERT INTO `bids4job_db`.`task` (`task_id`, `title`, `deadline`, `work_field`, `simple_user_id`, `description`, `active_task`) VALUES ('102', 'Personal Trainer Needed', '2017-2-3 00:00:00', 'Personal Trainer', '18', 'Description for Task102',  TRUE);
INSERT INTO `bids4job_db`.`task` (`task_id`, `title`, `deadline`, `work_field`, `simple_user_id`, `description`, `active_task`) VALUES ('103', 'Personal Trainer Needed', '2017-2-3 00:00:00', 'Personal Trainer', '19', 'Description for Task103',  TRUE);
INSERT INTO `bids4job_db`.`task` (`task_id`, `title`, `deadline`, `work_field`, `simple_user_id`, `description`, `active_task`) VALUES ('104', 'Trainer Wanted', '2017-2-3 00:00:00', 'Personal Trainer', '20', 'Description for Task104',  TRUE);
INSERT INTO `bids4job_db`.`task` (`task_id`, `title`, `deadline`, `work_field`, `simple_user_id`, `description`, `active_task`) VALUES ('105', 'Trainer Wanted', '2017-2-3 00:00:00', 'Personal Trainer', '21', 'Description for Task105',  TRUE);
INSERT INTO `bids4job_db`.`task` (`task_id`, `title`, `deadline`, `work_field`, `simple_user_id`, `description`, `active_task`) VALUES ('106', 'Math Teacher', '2017-2-3 00:00:00', 'Teacher', '22', 'Description for Task106',  TRUE);
INSERT INTO `bids4job_db`.`task` (`task_id`, `title`, `deadline`, `work_field`, `simple_user_id`, `description`, `active_task`) VALUES ('107', 'Math Teacher', '2017-2-3 00:00:00', 'Teacher', '23', 'Description for Task107',  TRUE);
INSERT INTO `bids4job_db`.`task` (`task_id`, `title`, `deadline`, `work_field`, `simple_user_id`, `description`, `active_task`) VALUES ('108', 'Math Teacher', '2017-2-3 00:00:00', 'Teacher', '24', 'Description for Task108',  TRUE);
INSERT INTO `bids4job_db`.`task` (`task_id`, `title`, `deadline`, `work_field`, `simple_user_id`, `description`, `active_task`) VALUES ('109', 'Math Teacher', '2017-2-3 00:00:00', 'Teacher', '25', 'Description for Task109',  TRUE);
INSERT INTO `bids4job_db`.`task` (`task_id`, `title`, `deadline`, `work_field`, `simple_user_id`, `description`, `active_task`) VALUES ('110', 'German Teacher', '2017-2-3 00:00:00', 'Teacher', '26', 'Description for Task110',  TRUE);
INSERT INTO `bids4job_db`.`task` (`task_id`, `title`, `deadline`, `work_field`, `simple_user_id`, `description`, `active_task`) VALUES ('111', 'German Teacher', '2017-2-3 00:00:00', 'Teacher', '27', 'Description for Task111',  TRUE);
INSERT INTO `bids4job_db`.`task` (`task_id`, `title`, `deadline`, `work_field`, `simple_user_id`, `description`, `active_task`) VALUES ('112', 'German Teacher', '2017-2-3 00:00:00', 'Teacher', '28', 'Description for Task112',  TRUE);
INSERT INTO `bids4job_db`.`task` (`task_id`, `title`, `deadline`, `work_field`, `simple_user_id`, `description`, `active_task`) VALUES ('113', 'Teacher for english', '2017-2-3 00:00:00', 'Teacher', '29', 'Description for Task113',  TRUE);
INSERT INTO `bids4job_db`.`task` (`task_id`, `title`, `deadline`, `work_field`, `simple_user_id`, `description`, `active_task`) VALUES ('114', 'Teacher for english', '2017-2-3 00:00:00', 'Teacher', '30', 'Description for Task114',  TRUE);
INSERT INTO `bids4job_db`.`task` (`task_id`, `title`, `deadline`, `work_field`, `simple_user_id`, `description`, `active_task`) VALUES ('115', 'Teacher for english', '2017-2-3 00:00:00', 'Teacher', '31', 'Description for Task115',  TRUE);

-- -----------------------------------------------------
-- Fill in table `bid`
-- -----------------------------------------------------
INSERT INTO `bids4job_db`.`bid` (`bid_id`, `task_id`, `pro_user_id`, `amount`, `bid_time`) VALUES ('1', '1', '2', '30', '2016-01-01 10:00:00');
INSERT INTO `bids4job_db`.`bid` (`bid_id`, `task_id`, `pro_user_id`, `amount`, `bid_time`) VALUES ('2', '1', '8', '28', '2016-01-05 15:00:00');
INSERT INTO `bids4job_db`.`bid` (`bid_id`, `task_id`, `pro_user_id`, `amount`, `bid_time`) VALUES ('3', '1', '11', '25', '2016-01-05 15:30:00');
INSERT INTO `bids4job_db`.`bid` (`bid_id`, `task_id`, `pro_user_id`, `amount`, `bid_time`) VALUES ('4', '1', '2', '20', '2016-01-08 23:00:00');
INSERT INTO `bids4job_db`.`bid` (`bid_id`, `task_id`, `pro_user_id`, `amount`, `bid_time`) VALUES ('5', '3', '2', '30', '2016-01-5 00:00:00');
INSERT INTO `bids4job_db`.`bid` (`bid_id`, `task_id`, `pro_user_id`, `amount`, `bid_time`) VALUES ('6', '3', '11', '28', '2016-01-5 10:00:00');
INSERT INTO `bids4job_db`.`bid` (`bid_id`, `task_id`, `pro_user_id`, `amount`, `bid_time`) VALUES ('7', '3', '8', '25', '2016-01-6 00:00:00');
INSERT INTO `bids4job_db`.`bid` (`bid_id`, `task_id`, `pro_user_id`, `amount`, `bid_time`) VALUES ('8', '3', '2', '20', '2016-01-6 20:00:00');
INSERT INTO `bids4job_db`.`bid` (`bid_id`, `task_id`, `pro_user_id`, `amount`, `bid_time`) VALUES ('9', '3', '8', '18', '2016-01-6 21:00:00');
INSERT INTO `bids4job_db`.`bid` (`bid_id`, `task_id`, `pro_user_id`, `amount`, `bid_time`) VALUES ('10', '3', '11', '15', '2016-01-6 22:00:00');
INSERT INTO `bids4job_db`.`bid` (`bid_id`, `task_id`, `pro_user_id`, `amount`, `bid_time`) VALUES ('11', '15', '2', '25', '2016-01-27 00:00:00');
INSERT INTO `bids4job_db`.`bid` (`bid_id`, `task_id`, `pro_user_id`, `amount`, `bid_time`) VALUES ('12', '15', '11', '23', '2016-02-7 12:00:00');
INSERT INTO `bids4job_db`.`bid` (`bid_id`, `task_id`, `pro_user_id`, `amount`, `bid_time`) VALUES ('13', '15', '2', '23', '2016-02-7 13:00:00');
INSERT INTO `bids4job_db`.`bid` (`bid_id`, `task_id`, `pro_user_id`, `amount`, `bid_time`) VALUES ('14', '15', '11', '22', '2016-02-7 15:00:00');
INSERT INTO `bids4job_db`.`bid` (`bid_id`, `task_id`, `pro_user_id`, `amount`, `bid_time`) VALUES ('15', '15', '2', '22', '2016-02-20 10:00:00');
INSERT INTO `bids4job_db`.`bid` (`bid_id`, `task_id`, `pro_user_id`, `amount`, `bid_time`) VALUES ('16', '15', '8', '20', '2016-02-20 15:00:00');
INSERT INTO `bids4job_db`.`bid` (`bid_id`, `task_id`, `pro_user_id`, `amount`, `bid_time`) VALUES ('17', '15', '2', '18', '2016-02-20 17:00:00');
INSERT INTO `bids4job_db`.`bid` (`bid_id`, `task_id`, `pro_user_id`, `amount`, `bid_time`) VALUES ('18', '11', '5', '200', '2016-01-3 18:00:00');
INSERT INTO `bids4job_db`.`bid` (`bid_id`, `task_id`, `pro_user_id`, `amount`, `bid_time`) VALUES ('19', '11', '24', '150', '2016-01-3 18:30:00');
INSERT INTO `bids4job_db`.`bid` (`bid_id`, `task_id`, `pro_user_id`, `amount`, `bid_time`) VALUES ('20', '11', '5', '100', '2016-01-3 19:00:00');
INSERT INTO `bids4job_db`.`bid` (`bid_id`, `task_id`, `pro_user_id`, `amount`, `bid_time`) VALUES ('21', '17', '19', '2500', '2016-02-07 20:00:00');
INSERT INTO `bids4job_db`.`bid` (`bid_id`, `task_id`, `pro_user_id`, `amount`, `bid_time`) VALUES ('22', '17', '20', '2400', '2016-02-08 00:00:00');
INSERT INTO `bids4job_db`.`bid` (`bid_id`, `task_id`, `pro_user_id`, `amount`, `bid_time`) VALUES ('23', '17', '21', '2350', '2016-02-08 10:00:00');
INSERT INTO `bids4job_db`.`bid` (`bid_id`, `task_id`, `pro_user_id`, `amount`, `bid_time`) VALUES ('24', '17', '20', '2300', '2016-02-08 11:00:00');
INSERT INTO `bids4job_db`.`bid` (`bid_id`, `task_id`, `pro_user_id`, `amount`, `bid_time`) VALUES ('25', '17', '9', '2200', '2016-02-08 12:00:00');
INSERT INTO `bids4job_db`.`bid` (`bid_id`, `task_id`, `pro_user_id`, `amount`, `bid_time`) VALUES ('26', '17', '10', '2000', '2016-02-08 12:30:00');
INSERT INTO `bids4job_db`.`bid` (`bid_id`, `task_id`, `pro_user_id`, `amount`, `bid_time`) VALUES ('27', '17', '20', '1900', '2016-02-08 12:40:00');
INSERT INTO `bids4job_db`.`bid` (`bid_id`, `task_id`, `pro_user_id`, `amount`, `bid_time`) VALUES ('28', '17', '9', '1800', '2016-02-09 03:00:00');
INSERT INTO `bids4job_db`.`bid` (`bid_id`, `task_id`, `pro_user_id`, `amount`, `bid_time`) VALUES ('29', '17', '21', '1750', '2016-02-09 04:00:00');
INSERT INTO `bids4job_db`.`bid` (`bid_id`, `task_id`, `pro_user_id`, `amount`, `bid_time`) VALUES ('30', '17', '10', '1700', '2016-02-10 05:00:00');
INSERT INTO `bids4job_db`.`bid` (`bid_id`, `task_id`, `pro_user_id`, `amount`, `bid_time`) VALUES ('31', '17', '1', '1500', '2016-02-11 06:00:00');
INSERT INTO `bids4job_db`.`bid` (`bid_id`, `task_id`, `pro_user_id`, `amount`, `bid_time`) VALUES ('32', '73', '12', '1000', '2016-12-24 00:00:00');
INSERT INTO `bids4job_db`.`bid` (`bid_id`, `task_id`, `pro_user_id`, `amount`, `bid_time`) VALUES ('33', '73', '16', '800', '2017-1-2 00:00:00');
INSERT INTO `bids4job_db`.`bid` (`bid_id`, `task_id`, `pro_user_id`, `amount`, `bid_time`) VALUES ('34', '79', '12', '3000', '2017-1-6 06:30:00');
INSERT INTO `bids4job_db`.`bid` (`bid_id`, `task_id`, `pro_user_id`, `amount`, `bid_time`) VALUES ('35', '79', '16', '2950', '2017-1-6 07:00:00');
INSERT INTO `bids4job_db`.`bid` (`bid_id`, `task_id`, `pro_user_id`, `amount`, `bid_time`) VALUES ('36', '79', '12', '2700', '2017-1-7 12:00:00');
INSERT INTO `bids4job_db`.`bid` (`bid_id`, `task_id`, `pro_user_id`, `amount`, `bid_time`) VALUES ('37', '79', '16', '2500', '2017-1-7 13:00:00');
INSERT INTO `bids4job_db`.`bid` (`bid_id`, `task_id`, `pro_user_id`, `amount`, `bid_time`) VALUES ('38', '79', '12', '2450', '2017-1-7 14:00:00');
INSERT INTO `bids4job_db`.`bid` (`bid_id`, `task_id`, `pro_user_id`, `amount`, `bid_time`) VALUES ('39', '79', '16', '2400', '2017-1-7 21:00:00');
INSERT INTO `bids4job_db`.`bid` (`bid_id`, `task_id`, `pro_user_id`, `amount`, `bid_time`) VALUES ('40', '79', '12', '2000', '2017-1-7 22:00:00');
INSERT INTO `bids4job_db`.`bid` (`bid_id`, `task_id`, `pro_user_id`, `amount`, `bid_time`) VALUES ('41', '79', '16', '1900', '2017-1-8 07:00:00');
INSERT INTO `bids4job_db`.`bid` (`bid_id`, `task_id`, `pro_user_id`, `amount`, `bid_time`) VALUES ('42', '76', '19', '500', '2016-12-4 00:00:00');
INSERT INTO `bids4job_db`.`bid` (`bid_id`, `task_id`, `pro_user_id`, `amount`, `bid_time`) VALUES ('43', '76', '20', '490', '2016-12-14 20:00:00');
INSERT INTO `bids4job_db`.`bid` (`bid_id`, `task_id`, `pro_user_id`, `amount`, `bid_time`) VALUES ('44', '76', '19', '480', '2017-1-1 20:00:00');
INSERT INTO `bids4job_db`.`bid` (`bid_id`, `task_id`, `pro_user_id`, `amount`, `bid_time`) VALUES ('45', '76', '1', '470', '2017-1-4 05:00:00');
INSERT INTO `bids4job_db`.`bid` (`bid_id`, `task_id`, `pro_user_id`, `amount`, `bid_time`) VALUES ('46', '77', '11', '30', '2016-11-23 10:00:00');
INSERT INTO `bids4job_db`.`bid` (`bid_id`, `task_id`, `pro_user_id`, `amount`, `bid_time`) VALUES ('47', '77', '2', '28', '2016-12-2 00:40:00');
INSERT INTO `bids4job_db`.`bid` (`bid_id`, `task_id`, `pro_user_id`, `amount`, `bid_time`) VALUES ('48', '77', '8', '25', '2017-1-2 00:00:00');
INSERT INTO `bids4job_db`.`bid` (`bid_id`, `task_id`, `pro_user_id`, `amount`, `bid_time`) VALUES ('49', '77', '2', '24', '2017-1-3 00:00:00');
INSERT INTO `bids4job_db`.`bid` (`bid_id`, `task_id`, `pro_user_id`, `amount`, `bid_time`) VALUES ('50', '77', '8', '23', '2017-1-3 23:00:00');
INSERT INTO `bids4job_db`.`bid` (`bid_id`, `task_id`, `pro_user_id`, `amount`, `bid_time`) VALUES ('51', '77', '11', '20', '2017-1-3 23:30:00');
INSERT INTO `bids4job_db`.`bid` (`bid_id`, `task_id`, `pro_user_id`, `amount`, `bid_time`) VALUES ('52', '113', '31', '20', '2017-1-3 23:30:00');
INSERT INTO `bids4job_db`.`bid` (`bid_id`, `task_id`, `pro_user_id`, `amount`, `bid_time`) VALUES ('53', '113', '33', '30', '2017-1-3 23:30:00');
INSERT INTO `bids4job_db`.`bid` (`bid_id`, `task_id`, `pro_user_id`, `amount`, `bid_time`) VALUES ('54', '104', '7', '20', '2017-1-3 23:30:00');
INSERT INTO `bids4job_db`.`bid` (`bid_id`, `task_id`, `pro_user_id`, `amount`, `bid_time`) VALUES ('55', '104', '22', '25', '2017-1-3 23:30:00');
INSERT INTO `bids4job_db`.`bid` (`bid_id`, `task_id`, `pro_user_id`, `amount`, `bid_time`) VALUES ('56', '104', '27', '30', '2017-1-3 23:30:00');
INSERT INTO `bids4job_db`.`bid` (`bid_id`, `task_id`, `pro_user_id`, `amount`, `bid_time`) VALUES ('57', '105', '7', '20', '2017-1-3 23:30:00');
INSERT INTO `bids4job_db`.`bid` (`bid_id`, `task_id`, `pro_user_id`, `amount`, `bid_time`) VALUES ('58', '105', '27', '22', '2017-1-3 23:30:00');
INSERT INTO `bids4job_db`.`bid` (`bid_id`, `task_id`, `pro_user_id`, `amount`, `bid_time`) VALUES ('59', '96', '6', '100', '2017-1-3 23:30:00');
INSERT INTO `bids4job_db`.`bid` (`bid_id`, `task_id`, `pro_user_id`, `amount`, `bid_time`) VALUES ('60', '96', '33', '96', '2017-1-3 23:30:00');
INSERT INTO `bids4job_db`.`bid` (`bid_id`, `task_id`, `pro_user_id`, `amount`, `bid_time`) VALUES ('61', '96', '39', '90', '2017-1-3 23:30:00');
INSERT INTO `bids4job_db`.`bid` (`bid_id`, `task_id`, `pro_user_id`, `amount`, `bid_time`) VALUES ('62', '100', '6', '80', '2017-1-3 23:30:00');
INSERT INTO `bids4job_db`.`bid` (`bid_id`, `task_id`, `pro_user_id`, `amount`, `bid_time`) VALUES ('63', '100', '39', '60', '2017-1-3 23:30:00');
INSERT INTO `bids4job_db`.`bid` (`bid_id`, `task_id`, `pro_user_id`, `amount`, `bid_time`) VALUES ('64', '91', '3', '60', '2017-1-3 23:30:00');
INSERT INTO `bids4job_db`.`bid` (`bid_id`, `task_id`, `pro_user_id`, `amount`, `bid_time`) VALUES ('65', '91', '14', '50', '2017-1-3 23:30:00');
INSERT INTO `bids4job_db`.`bid` (`bid_id`, `task_id`, `pro_user_id`, `amount`, `bid_time`) VALUES ('66', '91', '40', '55', '2017-1-3 23:30:00');
INSERT INTO `bids4job_db`.`bid` (`bid_id`, `task_id`, `pro_user_id`, `amount`, `bid_time`) VALUES ('67', '95', '3', '100', '2017-1-3 23:30:00');
INSERT INTO `bids4job_db`.`bid` (`bid_id`, `task_id`, `pro_user_id`, `amount`, `bid_time`) VALUES ('68', '95', '14', '90', '2017-1-3 23:30:00');
INSERT INTO `bids4job_db`.`bid` (`bid_id`, `task_id`, `pro_user_id`, `amount`, `bid_time`) VALUES ('69', '86', '4', '50', '2017-1-3 23:30:00');
INSERT INTO `bids4job_db`.`bid` (`bid_id`, `task_id`, `pro_user_id`, `amount`, `bid_time`) VALUES ('70', '86', '34', '60', '2017-1-3 23:30:00');
INSERT INTO `bids4job_db`.`bid` (`bid_id`, `task_id`, `pro_user_id`, `amount`, `bid_time`) VALUES ('71', '86', '38', '55', '2017-1-3 23:30:00');
INSERT INTO `bids4job_db`.`bid` (`bid_id`, `task_id`, `pro_user_id`, `amount`, `bid_time`) VALUES ('72', '87', '4', '100', '2017-1-3 23:30:00');
INSERT INTO `bids4job_db`.`bid` (`bid_id`, `task_id`, `pro_user_id`, `amount`, `bid_time`) VALUES ('73', '87', '34', '80', '2017-1-3 23:30:00');
INSERT INTO `bids4job_db`.`bid` (`bid_id`, `task_id`, `pro_user_id`, `amount`, `bid_time`) VALUES ('74', '75', '35', '50', '2017-1-3 23:30:00');
INSERT INTO `bids4job_db`.`bid` (`bid_id`, `task_id`, `pro_user_id`, `amount`, `bid_time`) VALUES ('75', '75', '36', '50', '2017-1-3 23:30:00');
INSERT INTO `bids4job_db`.`bid` (`bid_id`, `task_id`, `pro_user_id`, `amount`, `bid_time`) VALUES ('76', '60', '35', '20', '2017-1-3 23:30:00');
INSERT INTO `bids4job_db`.`bid` (`bid_id`, `task_id`, `pro_user_id`, `amount`, `bid_time`) VALUES ('77', '60', '36', '30', '2017-1-3 23:30:00');
INSERT INTO `bids4job_db`.`bid` (`bid_id`, `task_id`, `pro_user_id`, `amount`, `bid_time`) VALUES ('78', '33', '15', '60', '2017-1-3 23:30:00');
INSERT INTO `bids4job_db`.`bid` (`bid_id`, `task_id`, `pro_user_id`, `amount`, `bid_time`) VALUES ('79', '33', '17', '40', '2017-1-3 23:30:00');
INSERT INTO `bids4job_db`.`bid` (`bid_id`, `task_id`, `pro_user_id`, `amount`, `bid_time`) VALUES ('80', '33', '23', '45', '2017-1-3 23:30:00');
INSERT INTO `bids4job_db`.`bid` (`bid_id`, `task_id`, `pro_user_id`, `amount`, `bid_time`) VALUES ('81', '33', '28', '50', '2017-1-3 23:30:00');
INSERT INTO `bids4job_db`.`bid` (`bid_id`, `task_id`, `pro_user_id`, `amount`, `bid_time`) VALUES ('82', '56', '15', '40', '2017-1-3 23:30:00');
INSERT INTO `bids4job_db`.`bid` (`bid_id`, `task_id`, `pro_user_id`, `amount`, `bid_time`) VALUES ('83', '56', '17', '50', '2017-1-3 23:30:00');
INSERT INTO `bids4job_db`.`bid` (`bid_id`, `task_id`, `pro_user_id`, `amount`, `bid_time`) VALUES ('84', '55', '13', '60', '2017-1-3 23:30:00');
INSERT INTO `bids4job_db`.`bid` (`bid_id`, `task_id`, `pro_user_id`, `amount`, `bid_time`) VALUES ('85', '55', '30', '55', '2017-1-3 23:30:00');
INSERT INTO `bids4job_db`.`bid` (`bid_id`, `task_id`, `pro_user_id`, `amount`, `bid_time`) VALUES ('86', '55', '37', '50', '2017-1-3 23:30:00');
INSERT INTO `bids4job_db`.`bid` (`bid_id`, `task_id`, `pro_user_id`, `amount`, `bid_time`) VALUES ('87', '62', '37', '40', '2017-1-3 23:30:00');
INSERT INTO `bids4job_db`.`bid` (`bid_id`, `task_id`, `pro_user_id`, `amount`, `bid_time`) VALUES ('88', '62', '30', '55', '2017-1-3 23:30:00');
INSERT INTO `bids4job_db`.`bid` (`bid_id`, `task_id`, `pro_user_id`, `amount`, `bid_time`) VALUES ('89', '62', '13', '50', '2017-1-3 23:30:00');

-- -----------------------------------------------------
-- Fill in table `contract`
-- -----------------------------------------------------
INSERT INTO `bids4job_db`.`contract` (`contract_id`, `bid_id`, `task_id`, `contract_time`, `rating`) VALUES ('1', '3', '1', '2016-01-05 15:30:00', NULL);
INSERT INTO `bids4job_db`.`contract` (`contract_id`, `bid_id`, `task_id`, `contract_time`, `rating`) VALUES ('2', '10', '3', '2016-01-09 22:00:00', 4.5);
INSERT INTO `bids4job_db`.`contract` (`contract_id`, `bid_id`, `task_id`, `contract_time`, `rating`) VALUES ('3', '17', '15', '2016-02-20 17:30:00', 5);
INSERT INTO `bids4job_db`.`contract` (`contract_id`, `bid_id`, `task_id`, `contract_time`, `rating`) VALUES ('4', '31', '17', '2016-02-11 16:00:00', 4.5);
INSERT INTO `bids4job_db`.`contract` (`contract_id`, `bid_id`, `task_id`, `contract_time`, `rating`) VALUES ('5', '33', '73', '2017-01-02 10:00:00', 3.5);
INSERT INTO `bids4job_db`.`contract` (`contract_id`, `bid_id`, `task_id`, `contract_time`, `rating`) VALUES ('6', '41', '79', '2017-01-08 08:00:00', NULL);
INSERT INTO `bids4job_db`.`contract` (`contract_id`, `bid_id`, `task_id`, `contract_time`, `rating`) VALUES ('7', '51', '77', '2017-01-03 23:30:00', 2);